# Displacement (mm)	Force (kN)
-0.005601	-0.001813
0.034500	0.562172
0.069000	1.053832
0.103500	1.544648
0.155250	2.280855
0.232875	3.385133
0.349313	5.041461
0.523969	7.525777
0.785953	11.251840
0.738094	10.577516
0.048094	0.772934
-0.641906	-9.045332
-0.668094	-9.428328
0.043813	0.690320
1.423813	20.279098
1.768812	24.299590
1.886188	25.475184
1.541188	20.937047
1.196187	16.372234
0.678687	9.518871
-0.097563	-0.803094
-1.261937	-17.617191
-1.358063	-18.643914
0.043875	0.605684
2.803875	39.126664
2.436125	30.999027
-0.323875	-3.076680
-3.083875	-41.638180
-2.156125	-26.929180
0.905813	10.632437
5.045813	58.934207
2.814188	32.231934
-1.325813	-13.277012
-5.465813	-59.390320
-2.394188	-25.814738
2.327750	23.885863
7.847750	76.943305
4.012250	39.723570
-0.127750	0.188676
-5.647750	-62.429027
-4.832250	-46.921039
0.859688	8.186441
7.759687	81.582422
9.484687	87.623703
8.790313	80.421688
7.065312	65.175043
5.340312	49.802789
2.752812	26.613160
-1.128438	-8.670922
-6.950313	-66.174172
-7.227813	-62.800281
-2.861407	-25.091855
2.107000	18.582676
6.691726	59.950402
8.410999	73.720906
10.989908	93.593234
13.568816	109.506852
13.786456	109.822812
13.464092	106.770016
13.343206	105.837523
13.161877	104.367625
12.980547	102.940211
12.799218	101.533258
12.617888	100.124711
12.345894	98.005211
11.937902	94.825258
11.325915	90.053398
10.407935	82.891094
9.030964	72.136297
6.965508	55.974871
3.867323	31.638672
-0.779954	-5.290953
-7.750871	-68.152406
-10.165871	-78.645617
-12.580871	-93.961016
-13.004129	-94.448227
-10.589129	-77.024219
-8.174129	-59.518047
-5.759130	-42.039883
-2.136629	-15.600617
4.239155	32.897430
6.858998	51.063105
10.788764	79.801758
12.262426	89.781789
14.472919	105.008172
16.683413	115.513664
17.106094	115.340773
14.895601	100.482648
12.685108	85.411875
10.474615	70.369477
7.158875	47.666430
2.185265	13.383090
-5.275149	-40.289430
-10.870461	-76.633211
-15.066943	-100.342406
-17.785694	-110.141570
-16.998854	-104.901234
-16.212013	-99.855828
-15.425173	-94.719898
-14.638332	-89.582047
-13.458072	-81.973602
-12.277811	-74.387641
-11.097549	-66.813703
-9.327159	-55.366918
-6.671572	-38.181289
-2.688191	-12.203523
4.017297	33.889801
14.971594	103.405617
15.656238	104.493305
16.340881	107.955562
17.367846	112.496336
17.624588	113.317953
17.881329	114.260937
18.266441	115.546289
18.844109	117.310109
19.710611	118.807781
21.010365	119.906125
21.040007	117.843445
19.577785	108.867969
18.115562	100.176297
16.653341	91.476227
14.460008	78.387602
11.170009	58.701031
6.235009	29.059816
-1.167490	-16.100773
-12.271239	-82.995844
-15.047176	-93.731227
-16.435144	-100.151891
-17.823114	-104.451102
-19.211082	-107.718063
-20.599051	-111.141297
-21.987019	-114.249516
-21.318996	-109.952594
-20.625011	-105.837727
-19.931028	-101.684516
-19.237043	-97.552227
-18.196068	-91.427297
-16.634602	-82.574359
-14.292405	-69.264813
-10.779110	-49.241504
-5.509167	-19.230105
2.831338	29.716219
16.844595	108.082656
18.596252	111.986984
20.347910	115.845773
22.099567	118.061289
23.851225	119.164469
25.602882	119.446117
25.083376	115.122328
23.769632	107.761992
22.455889	100.889461
21.142147	93.988016
19.171532	83.659125
16.215611	68.141984
11.781728	44.840828
5.130904	9.687125
-4.845332	-44.686566
-12.327508	-78.179383
-17.939140	-98.709563
-19.342049	-100.857656
-20.744957	-103.126078
-22.147865	-105.454844
-23.550774	-107.870383
-24.953682	-110.299727
-25.643412	-111.174531
-24.240503	-102.725039
-22.837595	-94.837664
-21.434687	-87.427898
-20.031778	-80.593133
-18.628870	-73.713859
-17.225962	-66.900766
-15.121600	-57.169871
-11.965057	-42.778988
-7.230242	-21.048336
-0.128020	12.077344
12.144592	78.405156
16.754208	94.767422
20.211420	107.650078
23.668633	115.069000
27.125843	118.023992
29.416945	118.164805
28.552643	112.889320
28.336567	112.157305
28.120491	111.144258
27.796377	109.647039
27.310207	107.401742
26.824036	105.189773
26.337866	102.953891
25.608610	99.636023
24.514727	94.635227
22.873901	87.189914
20.412664	76.080320
16.720808	59.518773
11.183023	34.489121
2.876347	-3.239090
-9.583668	-62.093977
-14.256174	-73.236094
-21.264933	-93.234734
-23.017122	-96.286359
-24.769312	-98.088703
-26.521502	-98.870609
-29.149786	-99.299078
-29.864607	-97.895242
-28.879000	-91.677437
-27.893394	-85.845672
-26.414984	-78.468125
-26.045382	-76.763703
-25.675779	-75.125297
-25.121376	-72.760172
-24.289770	-69.215719
-23.042360	-63.987305
-21.171249	-57.833523
-18.364580	-49.480891
-14.154576	-37.370797
-7.839571	-20.002914
-5.471445	-13.649805
-1.919254	-4.457148
3.863569	10.776016
6.128090	20.725531
6.977286	23.758656
8.251079	28.597539
10.161769	35.879688
13.027803	46.807461
17.326857	63.191586
23.775434	87.567344
24.984543	91.690883
26.798204	98.105016
29.518700	106.868195
30.538885	109.742195
31.559071	112.449734
32.579254	114.808102
33.599442	116.403328
32.870281	111.750977
32.678997	110.850195
32.487713	109.919609
32.200787	108.608109
31.913858	107.359297
31.626930	106.155828
31.340004	104.966688
31.053078	103.779938
30.622686	101.994594
29.977100	99.397398
29.008720	95.526484
27.556152	90.166719
25.377300	82.125328
22.109020	70.071844
17.206602	52.013305
9.852973	24.579195
-1.177469	-15.805430
-5.313884	-23.712586
-6.865040	-27.332852
-9.191774	-33.524668
-12.681874	-42.756348
-17.917027	-56.665328
-19.880207	-61.768566
-22.824980	-69.270844
-23.929270	-72.005016
-25.585705	-76.235195
-28.070356	-79.656273
-31.797333	-83.901773
-32.475689	-80.793211
-32.242752	-79.855008
-32.009815	-78.875398
-31.660414	-77.441203
-31.136307	-75.300336
-30.350147	-72.101641
-29.170908	-67.437414
-27.991669	-63.457828
-26.812429	-60.089219
-25.633192	-56.792844
-23.864332	-52.049441
-21.211044	-45.184750
-17.231113	-35.431625
-11.261216	-21.946953
-9.022504	-17.064027
-5.664437	-10.432625
-4.405162	-7.959652
-2.516249	-4.383410
0.354429	1.021777
1.541944	3.338137
3.323217	6.694547
5.995126	12.335887
10.002990	28.048574
16.014786	47.687844
25.032478	76.402055
28.414114	86.860047
33.486565	103.148609
37.440983	113.202562
37.203209	111.826406
36.965439	110.638711
36.608784	109.009938
36.252125	107.510125
35.895470	106.082313
35.538811	104.678336
35.003826	102.577820
34.201351	99.444609
32.997631	94.981008
31.192059	89.024852
28.483696	80.314633
24.421152	67.301578
18.327335	47.902809
9.186612	18.960090
5.758842	8.560910
0.617184	-8.161047
-7.095302	-25.716207
-9.987484	-26.786113
-11.072052	-29.504848
-12.698904	-32.813512
-15.139183	-38.260793
-18.799601	-46.523430
-24.290228	-59.319352
-26.349215	-64.083211
-29.437691	-71.127687
-32.526169	-77.905195
-35.614647	-81.206227
-37.296875	-80.791469
-37.103844	-79.926398
-36.910816	-79.125492
-36.717785	-78.346258
-36.428242	-77.184617
-35.993923	-75.453031
-35.342449	-72.883305
-34.365234	-69.088562
-33.388020	-65.350055
-32.410809	-62.127672
-30.944986	-58.159961
-30.395304	-56.594840
-29.570780	-54.512477
-28.333994	-51.465109
-26.478815	-47.035383
-23.696047	-40.714605
-19.521894	-31.869988
-17.956587	-28.493262
-15.608626	-24.050320
-12.086685	-17.718617
-10.765957	-15.366820
-8.784864	-12.139910
-5.813227	-7.451621
-4.698863	-5.698203
-3.027316	-3.200289
-0.519997	0.519867
0.464485	2.056012
2.023312	4.395375
4.361552	8.035539
7.868913	18.573855
13.129953	34.760730
21.021515	58.345859
23.980850	65.951055
28.419853	78.603547
30.084480	83.623703
32.581421	91.109688
36.326828	101.970961
37.263180	104.470891
38.199532	106.981234
38.550667	107.894492
39.077362	109.256625
39.867409	111.096219
41.052483	113.479242
41.169910	111.906242
39.392307	104.147047
37.614700	97.698531
35.837093	91.931734
33.170685	84.276945
29.171070	72.809359
23.171648	55.758184
14.172516	30.454484
10.797841	21.969320
5.735829	7.412984
-1.857189	-14.948934
-4.704570	-15.518930
-5.772338	-15.853043
-7.373990	-18.292270
-9.776468	-21.883328
-13.380185	-27.754594
-14.731580	-30.194336
-16.758671	-33.768770
-19.799307	-39.569031
-24.360262	-48.844816
-26.070620	-52.555328
-28.636156	-57.864852
-32.484463	-66.097203
-38.256920	-75.349148
-39.970623	-72.117797
-39.609844	-70.762281
-39.249065	-69.405953
-38.707897	-67.450594
-37.896145	-64.528844
-36.678516	-60.151836
-36.221905	-58.623422
-35.536991	-56.674625
-34.509617	-54.245379
-32.968555	-50.638813
-30.656967	-45.497320
-27.189581	-38.304758
-21.988503	-28.613340
-20.038097	-24.916941
-17.112492	-20.322426
-16.015388	-18.511309
-14.369735	-16.182395
-11.901255	-12.752121
-8.198534	-8.002945
-6.810013	-6.219738
-4.727233	-3.774773
-1.603062	-0.214902
-0.431498	1.193844
1.452119	3.374832
2.173887	4.326566
3.256537	5.650117
4.880514	8.519094
7.316478	15.572730
10.970424	26.363586
16.451344	39.874066
18.506689	45.660879
19.277443	47.744211
20.433575	50.861812
22.167772	55.549863
24.769068	62.598961
28.671011	72.942008
30.134239	74.859094
32.329082	80.408344
34.523926	86.298805
36.718769	92.202180
37.541836	94.405203
38.776436	97.593367
40.628334	102.207578
41.322796	103.863922
42.364491	106.352367
43.927029	109.529953
45.489571	112.255773
44.947891	108.623211
43.385349	102.499250
41.822811	97.284055
40.260273	92.464961
37.916462	86.287203
34.400749	77.240672
29.127176	63.800594
21.216818	43.957629
19.239229	38.880586
17.261641	34.687422
14.295256	28.184199
9.845680	16.819836
3.171316	-0.177895
0.668430	-7.027902
-3.085900	-14.090676
-4.493774	-13.115848
-6.605585	-15.024605
-8.717396	-17.254754
-10.829206	-19.577320
-13.996922	-23.303652
-15.184815	-24.819250
-16.966656	-27.017340
-19.639416	-30.711305
-23.648556	-36.639273
-25.151983	-39.237563
-27.407125	-42.894707
-30.789839	-48.932609
-32.058353	-51.575641
-33.961132	-55.318078
-36.815296	-61.198047
-41.096539	-68.555109
-42.166851	-69.453680
-43.237164	-69.807219
-44.842628	-70.422711
-44.749172	-67.094703
-44.598660	-66.490016
-44.448147	-65.950359
-44.297634	-65.429523
-44.071865	-64.636594
-43.733212	-63.452742
-43.225231	-61.637098
-42.463261	-59.065828
-41.320309	-55.116062
-40.891701	-53.644441
-40.248787	-51.641078
-39.284420	-49.379242
-37.837868	-46.294031
-35.668041	-41.883852
-32.413300	-35.771969
-27.531187	-27.654625
-25.700396	-24.580121
-22.954206	-20.979555
-21.924387	-19.462219
-20.379656	-17.622875
-18.062559	-14.886020
-17.193649	-13.805215
-15.890282	-12.439586
-13.935232	-10.416457
-11.002657	-7.611566
-9.902942	-6.463180
-9.490548	-6.119355
-8.871959	-5.534340
-8.253368	-5.090859
-8.098722	-4.845937
-7.944074	-4.772781
-7.789426	-4.619402
-7.634778	-4.509785
-7.402807	-4.306953
-7.054851	-4.024324
-6.532915	-3.621102
-6.402431	-3.493828
-6.271947	-3.395957
-6.076222	-3.222062
-5.782633	-2.984168
-5.489045	-2.715957
-5.195456	-2.508180
-4.901867	-2.083508
-4.828470	-2.178969
-4.755073	-2.068125
-4.681676	-1.998988
-4.608279	-1.940180
-4.498183	-1.841105
-4.333039	-1.693395
-4.085324	-1.466816
-3.713751	-1.130531
-3.156391	-0.607785
-2.320352	0.171660
-2.111342	0.385355
-1.902332	0.674207
-1.850080	0.702539
-1.797827	0.742313
-1.745575	0.779770
-1.693322	0.830656
-1.641070	0.881793
-1.562691	0.959094
-1.445123	1.075059
-1.268771	1.251172
-1.004243	1.515672
-0.607451	1.916910
-0.012262	2.531852
0.633615	3.164445
1.280559	4.020754
1.320993	4.102633
1.361427	4.003441
1.401861	3.944797
1.442295	3.945047
1.482729	3.955973
1.523163	3.999770
1.583814	4.053805
1.674790	4.153570
1.811255	4.286477
2.015952	4.501453
2.322997	4.825887
2.783566	5.367082
3.244134	5.911336
3.704702	6.656062
4.165271	7.374105
4.280413	7.680238
4.395555	7.910898
4.510697	8.131082
4.625839	8.369918
4.798552	8.727848
5.057622	9.291063
5.446227	10.167430
6.029133	11.553605
6.612040	13.028508
7.194947	14.542105
7.777853	16.017461
8.360761	17.562512
8.943667	19.003473
9.526574	20.394477
10.109481	21.322266
10.692388	22.532840
11.275294	23.796328
11.858201	25.202020
12.441108	26.537055
13.024014	27.909840
13.606922	29.247695
14.189829	30.623363
14.772736	31.972391
15.355642	33.340684
15.938549	34.712352
16.521456	36.076543
17.395817	38.156977
18.270176	40.205988
19.144537	42.273812
20.018896	44.334051
20.893257	46.397473
22.204798	49.521863
22.532682	50.215086
22.860567	51.015367
23.188452	51.782840
23.516338	52.563090
23.844223	53.336633
24.172108	54.114211
24.663935	55.288477
24.694674	55.344313
24.725414	55.401867
24.756153	55.479281
24.786892	55.553543
24.833000	55.663113
24.902164	55.826984
25.005909	56.071309
25.161526	56.437895
25.219883	56.575430
25.241766	56.624672
25.274591	56.702426
25.307417	56.782187
25.340242	56.864414
25.373068	56.949770
25.405893	57.037027
25.438721	57.123879
25.471546	57.208918
25.504372	57.291676
25.537197	57.372656
25.570023	57.452902
25.602848	57.532883
25.635674	57.612742
25.668499	57.692492
25.717737	57.813688
25.791594	57.994867
25.902380	58.264848
26.013166	58.528789
26.123953	58.794371
26.130877	58.807590
26.137800	58.819855
26.144726	58.836059
26.155111	58.860395
26.170691	58.897141
26.194059	58.952492
26.202824	58.974461
26.215967	59.005645
26.229113	59.039195
26.242258	59.074746
26.255404	59.112914
26.268549	59.153906
26.281693	59.197074
26.294838	59.238813
26.314556	59.299891
26.334274	59.354762
26.353991	59.408148
26.373709	59.454055
26.393427	59.498719
26.413143	59.543680
26.432861	59.589906
26.462437	59.661187
26.492014	59.731336
26.521589	59.801172
26.551167	59.872664
26.595531	59.977977
26.639896	60.083691
26.684259	60.189004
26.728624	60.293961
26.795172	60.483750
26.861717	60.578207
26.928265	60.802297
26.994812	60.894660
27.061357	61.117637
27.161179	61.299555
27.260998	61.583555
27.360819	61.768625
27.460638	62.077434
27.560459	62.220863
27.660278	62.550258
27.760099	62.692398
27.859919	63.022813
28.009649	63.316281
28.159380	63.703578
28.309111	64.020992
28.458839	64.411875
28.608570	64.726883
28.758301	65.118570
28.982897	65.633516
29.207491	66.162312
29.432087	66.693109
29.656681	67.222437
29.881277	67.752813
30.105873	68.281945
30.330467	68.812102
30.555063	69.341609
30.891956	70.139062
31.228849	70.932672
31.565742	71.729500
31.902636	72.525406
32.239529	73.322516
32.576420	74.118664
33.081760	75.317266
33.587101	76.511891
34.092438	77.709016
34.597778	78.903961
35.103119	80.090930
35.608456	81.263625
36.113796	82.424484
36.619137	83.562172
37.124477	84.687797
37.629814	85.795914
38.387825	87.436742
39.524837	89.843828
40.661850	92.164594
41.798866	94.361484
42.083118	94.869445
42.367371	95.361469
42.651627	95.819719
42.793751	96.037289
42.935879	96.232422
43.006943	96.325289
43.078007	96.404430
43.149071	96.467828
43.220131	96.502391
43.255665	96.515844
43.291195	96.513695
43.326729	96.481297
43.328949	96.487789
43.329502	96.487359
43.330059	96.488352
43.330891	96.486016
43.330971	96.485867
43.331085	96.485680
43.331261	96.485828
43.331528	96.485570
43.331921	96.486281
43.332516	96.484945
43.333405	96.481539
43.333736	96.479039
43.334236	96.474016
43.334988	96.467141
43.335033	96.468070
43.335083	96.468742
43.335129	96.469086
43.335197	96.469195
43.335270	96.469320
43.335339	96.469633
43.335445	96.470687
43.335602	96.473336
43.335762	96.476914
43.335918	96.478945
43.336155	96.471766
43.336514	96.427242
43.337048	96.276523
43.337112	96.257375
43.337181	96.235156
43.337280	96.196180
43.337318	96.181094
43.337334	96.175359
43.337353	96.166445
43.337360	96.163109
43.337372	96.158000
43.337379	96.156094
43.337379	96.155383
43.337383	96.154305
43.337383	96.153898
43.337383	96.153289
43.337383	96.153070
43.337387	96.152727
43.337387	96.152219
43.337387	96.152094
43.337387	96.151961
43.337387	96.151930
43.337387	96.151906
43.337387	96.151875
43.337387	96.151859
43.337387	96.151844
43.337387	96.151828
43.337387	96.151813
43.337387	96.151797
43.337387	96.151781
43.337387	96.151750
43.337387	96.151719
43.337387	96.151672
43.337387	96.151594
43.337387	96.151477
43.337391	96.151305
43.337391	96.151047
43.337391	96.150656
43.337391	96.150070
43.337395	96.149195
43.337399	96.147867
43.337402	96.145891
43.337410	96.142883
43.337421	96.138336
43.337437	96.131414
43.337460	96.120758
43.337498	96.103891
43.337551	96.075336
43.337635	96.022633
43.337757	95.921813
43.337944	95.739758
43.338223	95.448820
43.338638	95.057555
43.339264	94.635766
43.340206	94.313578
43.341614	94.213453
43.343723	94.388508
43.346893	94.783055
43.351646	95.260344
43.358776	95.668930
43.369469	95.935445
43.385509	96.066234
43.409573	96.147437
43.445663	96.234906
43.499802	96.355156
43.581009	96.523109
43.702816	96.770539
43.885532	97.149242
44.159603	97.708164
44.570709	98.536281
45.187370	99.754406
46.112362	101.511313
47.037354	103.138008
47.268600	103.512203
47.499851	103.857859
47.731098	104.198063
47.962345	104.520586
48.193592	104.832914
48.540466	105.285430
48.887337	105.728703
49.234211	106.150016
49.581081	106.548648
49.927952	106.921406
49.941971	106.662094
49.811893	105.922469
49.681816	105.313477
49.551739	104.841195
49.421661	104.401383
49.226547	103.745672
48.933872	102.780070
48.494865	101.361195
47.836349	99.316094
46.848576	96.369305
45.860806	93.502336
44.873032	90.751094
43.391376	86.821555
41.168888	81.299656
40.613266	79.928813
40.057644	78.641469
39.502022	77.372914
38.946404	76.097094
38.390781	74.804664
37.835159	73.501234
37.279537	72.192297
36.723915	70.885930
35.890484	68.928031
34.640335	65.979234
32.765110	61.260969
29.952276	54.681602
28.897463	52.571961
27.315243	48.975414
25.733023	45.376332
24.150805	41.955316
22.568584	38.519555
20.986364	35.434672
19.404144	32.541938
17.821926	29.297379
16.239706	26.092328
14.657487	22.492430
13.075267	18.954965
11.493048	15.520234
9.910828	11.975980
9.614161	11.225812
9.317495	10.616641
9.020829	9.958223
8.724163	9.297391
8.279163	8.321320
8.167914	8.010672
8.056664	7.801906
7.889790	7.442531
7.848071	7.296199
7.806352	7.182215
7.743774	7.133664
7.728129	7.041832
7.712485	6.943578
7.708574	7.055742
7.707596	7.055512
7.707352	7.016832
7.707291	7.005461
7.707199	6.989711
7.707164	6.986250
7.707151	6.985535
7.707132	6.985371
7.707103	6.986383
7.707096	6.986836
7.707089	6.987215
7.707078	6.987848
7.707075	6.988059
7.707072	6.988230
7.707068	6.988492
7.707065	6.988699
7.707061	6.989004
7.707059	6.989098
7.707058	6.989180
7.707057	6.989297
7.707054	6.989469
7.707052	6.989605
7.707050	6.989738
7.707049	6.989840
7.707047	6.989941
7.707046	6.990039
7.707045	6.990137
7.707043	6.990238
7.707042	6.990340
7.707040	6.990437
7.707038	6.990531
7.707037	6.990633
7.707036	6.990730
7.707034	6.990828
7.707033	6.990926
7.707031	6.991023
7.707030	6.991121
7.707028	6.991215
7.707027	6.991316
7.707026	6.991414
7.707024	6.991508
7.707023	6.991602
7.707021	6.991699
7.707020	6.991797
7.707018	6.991891
7.707017	6.991988
7.707016	6.992078
7.707014	6.992176
7.707013	6.992270
7.707011	6.992363
7.707010	6.992457
7.707008	6.992551
7.707007	6.992645
7.707005	6.992734
7.707004	6.992828
7.707002	6.992922
7.707001	6.993016
7.706999	6.993105
7.706998	6.993199
7.706996	6.993289
7.706995	6.993379
7.706994	6.993473
7.706992	6.993563
7.706991	6.993648
7.706989	6.993738
7.706988	6.993828
7.706986	6.993914
7.706985	6.994008
7.706984	6.994094
7.706982	6.994180
7.706981	6.994273
7.706979	6.994359
7.706978	6.994441
7.706976	6.994531
7.706975	6.994617
7.706973	6.994707
7.706972	6.994789
7.706970	6.994875
7.706969	6.994965
7.706967	6.995047
7.706966	6.995133
7.706964	6.995215
7.706963	6.995301
7.706962	6.995383
7.706960	6.995469
7.706959	6.995551
7.706957	6.995633
7.706956	6.995715
7.706954	6.995801
7.706953	6.995883
7.706952	6.995961
7.706950	6.996043
7.706949	6.996125
7.706947	6.996207
7.706946	6.996285
7.706944	6.996367
7.706943	6.996449
7.706941	6.996527
7.706940	6.996609
7.706938	6.996727
7.706935	6.996844
7.706933	6.996965
7.706931	6.997082
7.706929	6.997199
7.706927	6.997316
7.706924	6.997438
7.706923	6.997555
7.706920	6.997668
7.706918	6.997789
7.706916	6.997902
7.706913	6.998078
7.706910	6.998250
7.706906	6.998426
7.706903	6.998594
7.706900	6.998762
7.706896	6.998930
7.706893	6.999094
7.706890	6.999254
7.706887	6.999414
7.706883	6.999566
7.706880	6.999715
7.706877	6.999859
7.706873	7.000008
7.706870	7.000145
7.706867	7.000285
7.706864	7.000422
7.706861	7.000559
7.706857	7.000687
7.706854	7.000820
7.706851	7.000949
7.706847	7.001078
7.706844	7.001211
7.706841	7.001340
7.706838	7.001469
7.706834	7.001602
7.706831	7.001730
7.706828	7.001867
7.706824	7.002000
7.706821	7.002141
7.706818	7.002277
7.706815	7.002422
7.706811	7.002566
7.706808	7.002711
7.706805	7.002863
7.706801	7.003016
7.706799	7.003176
7.706795	7.003340
7.706792	7.003504
7.706787	7.003766
7.706782	7.004035
7.706777	7.004316
7.706772	7.004605
7.706768	7.004910
7.706762	7.005227
7.706758	7.005551
7.706753	7.005891
7.706748	7.006242
7.706743	7.006605
7.706738	7.006984
7.706733	7.007375
7.706728	7.007773
7.706723	7.008191
7.706718	7.008621
7.706713	7.009062
7.706708	7.009520
7.706704	7.009988
7.706699	7.010469
7.706694	7.010965
7.706689	7.011477
7.706684	7.011992
7.706679	7.012527
7.706674	7.013070
7.706669	7.013633
7.706665	7.014207
7.706659	7.014789
7.706655	7.015387
7.706650	7.015996
7.706645	7.016621
7.706640	7.017254
7.706635	7.017902
7.706630	7.018562
7.706625	7.019238
7.706620	7.019918
7.706615	7.020617
7.706611	7.021328
7.706605	7.022051
7.706601	7.022785
7.706596	7.023535
7.706591	7.024293
7.706586	7.025062
7.706581	7.025844
7.706576	7.026641
7.706571	7.027449
7.706566	7.028266
7.706562	7.029102
7.706557	7.029941
7.706552	7.030797
7.706547	7.031664
7.706542	7.032543
7.706537	7.033434
7.706532	7.034336
7.706527	7.035250
7.706522	7.036172
7.706517	7.037109
7.706512	7.038051
7.706508	7.039000
7.706503	7.039953
7.706498	7.040910
7.706493	7.041863
7.706488	7.042813
7.706483	7.043762
7.706478	7.044699
7.706473	7.045625
7.706469	7.046551
7.706463	7.047465
7.706459	7.048367
7.706454	7.049262
7.706449	7.050145
7.706444	7.051020
7.706437	7.052309
7.706426	7.054207
7.706415	7.056082
7.706404	7.057941
7.706392	7.059781
7.706381	7.061621
7.706370	7.063461
7.706359	7.065313
7.706348	7.067176
7.706337	7.069074
7.706326	7.070992
7.706316	7.072957
7.706304	7.074957
7.706293	7.077000
7.706282	7.079098
7.706271	7.081250
7.706260	7.083461
7.706249	7.085742
7.706238	7.088082
7.706227	7.090492
7.706216	7.092973
7.706205	7.095527
7.706194	7.098152
7.706183	7.100859
7.706172	7.103637
7.706161	7.106496
7.706150	7.109441
7.706139	7.112480
7.706128	7.115625
7.706117	7.118902
7.706106	7.122301
7.706095	7.125836
7.706084	7.129484
7.706073	7.133238
7.706062	7.137090
7.706051	7.141031
7.706040	7.145059
7.706028	7.149172
7.706017	7.153375
7.706007	7.157672
7.705996	7.162066
7.705985	7.166559
7.705974	7.171141
7.705963	7.175801
7.705952	7.180543
7.705940	7.185367
7.705929	7.190277
7.705918	7.195289
7.705907	7.200414
7.705896	7.205641
7.705885	7.210965
7.705874	7.216379
7.705863	7.221867
7.705852	7.227422
7.705841	7.233043
7.705830	7.238719
7.705819	7.244453
7.705808	7.250262
7.705797	7.256145
7.705786	7.262137
7.705775	7.268250
7.705764	7.274500
7.705753	7.280883
7.705742	7.287418
7.705731	7.294094
7.705720	7.300914
7.705709	7.307871
7.705698	7.314961
7.705687	7.322180
7.705676	7.329520
7.705665	7.336973
7.705654	7.344535
7.705643	7.352195
7.705632	7.359957
7.705621	7.367801
7.705610	7.375727
7.705599	7.383730
7.705588	7.391809
7.705576	7.399961
7.705565	7.408172
7.705554	7.416449
7.705544	7.424777
7.705533	7.433168
7.705522	7.441609
7.705511	7.450098
7.705500	7.458637
7.705488	7.467223
7.705477	7.475855
7.705466	7.484531
7.705455	7.493246
7.705444	7.502008
7.705433	7.510809
7.705422	7.519648
7.705411	7.528527
7.705400	7.537445
7.705389	7.546395
7.705378	7.555383
7.705367	7.564406
7.705356	7.573469
7.705345	7.582566
7.705334	7.591695
7.705323	7.600855
7.705312	7.610051
7.705301	7.619281
7.705290	7.628539
7.705279	7.637820
7.705268	7.647117
7.705257	7.656434
7.705246	7.665770
7.705235	7.675121
7.705224	7.684484
7.705213	7.693875
7.705202	7.703281
7.705191	7.712707
7.705180	7.722160
7.705169	7.731641
7.705158	7.741148
7.705147	7.750687
7.705130	7.765055
7.705113	7.779539
7.705097	7.794117
7.705081	7.808789
7.705064	7.823563
7.705048	7.838426
7.705031	7.853395
7.705014	7.868449
7.704998	7.883598
7.704981	7.898844
7.704965	7.914176
7.704948	7.929602
7.704932	7.945117
7.704915	7.960707
7.704899	7.976379
7.704882	7.992125
7.704865	8.007949
7.704849	8.023848
7.704833	8.039801
7.704816	8.055789
7.704799	8.071781
7.704783	8.087754
7.704766	8.103687
7.704750	8.119551
7.704733	8.135359
7.704717	8.151105
7.704700	8.166793
7.704684	8.182426
7.704667	8.198012
7.704650	8.213555
7.704634	8.229062
7.704618	8.244543
7.704601	8.259996
7.704585	8.275430
7.704568	8.290852
7.704551	8.306270
7.704535	8.321676
7.704518	8.337086
7.704502	8.352496
7.704485	8.367906
7.704469	8.383324
7.704452	8.398750
7.704435	8.414191
7.704419	8.429641
7.704402	8.445102
7.704386	8.460574
7.704370	8.476059
7.704353	8.491563
7.704336	8.507078
7.704320	8.522609
7.704303	8.538160
7.704287	8.553727
7.704270	8.569305
7.704254	8.584898
7.704237	8.600508
7.704221	8.616133
7.704204	8.631766
7.704187	8.647414
7.704171	8.663070
7.704154	8.678738
7.704138	8.694418
7.704121	8.710105
7.704105	8.725801
7.704088	8.741508
7.704072	8.757223
7.704055	8.772945
7.704039	8.788680
7.704022	8.804418
7.704006	8.820160
7.703989	8.835910
7.703972	8.851664
7.703956	8.867418
7.703939	8.883180
7.703923	8.898945
7.703898	8.922621
7.703873	8.946348
7.703848	8.970102
7.703824	8.993879
7.703799	9.017687
7.703774	9.041523
7.703749	9.065383
7.703724	9.089270
7.703700	9.113238
7.703675	9.137344
7.703650	9.161648
7.703625	9.186184
7.703600	9.210949
7.703576	9.235938
7.703551	9.261121
7.703526	9.286473
7.703501	9.311980
7.703476	9.337629
7.703452	9.363391
7.703427	9.389234
7.703402	9.415137
7.703377	9.441078
7.703352	9.467047
7.703328	9.493031
7.703303	9.519020
7.703278	9.545000
7.703253	9.570969
7.703228	9.596922
7.703204	9.622840
7.703179	9.648730
7.703154	9.674594
7.703129	9.700422
7.703104	9.726215
7.703080	9.751969
7.703055	9.777672
7.703030	9.803336
7.703005	9.828945
7.702980	9.854512
7.702955	9.880031
7.702930	9.905512
7.702906	9.930934
7.702881	9.956316
7.702856	9.981641
7.702831	10.006883
7.702806	10.032043
7.702782	10.057125
7.702757	10.082113
7.702732	10.107027
7.702707	10.131875
7.702682	10.156656
7.702658	10.181391
7.702633	10.206078
7.702608	10.230727
7.702583	10.255340
7.702559	10.279930
7.702534	10.304480
7.702509	10.329008
7.702484	10.353504
7.702459	10.377973
7.702435	10.402406
7.702410	10.426828
7.702385	10.451219
7.702360	10.475566
7.702335	10.499883
7.702311	10.524156
7.702286	10.548387
7.702261	10.572574
7.702236	10.596723
7.702211	10.620812
7.702187	10.644801
7.702162	10.668656
7.702137	10.692352
7.702112	10.715875
7.702087	10.739203
7.702050	10.773824
7.701994	10.825016
7.701910	10.900465
7.701827	10.974922
7.701743	11.048520
7.701659	11.121500
7.701576	11.193867
7.701492	11.265773
7.701408	11.337172
7.701324	11.408043
7.701241	11.478586
7.701157	11.548871
7.701073	11.618715
7.700990	11.688031
7.700906	11.756984
7.700822	11.825629
7.700738	11.893812
7.700655	11.961645
7.700571	12.029973
7.700487	12.099211
7.700404	12.169102
7.700320	12.239398
7.700236	12.309699
7.700152	12.379832
7.700068	12.449512
7.699985	12.518598
7.699901	12.587160
7.699818	12.655082
7.699734	12.722418
7.699650	12.788875
7.699566	12.854379
7.699482	12.919039
7.699399	12.983156
7.699315	13.046746
7.699232	13.109859
7.699106	13.203711
7.698917	13.341707
7.698729	13.473270
7.698541	13.597477
7.698352	13.715855
7.698164	13.830008
7.697976	13.941223
7.697787	14.049105
7.697599	14.153937
7.697411	14.256504
7.697222	14.356191
7.697034	14.454203
7.696846	14.553246
7.696657	14.653488
7.696469	14.752879
7.696280	14.850379
7.696092	14.945906
7.695904	15.037965
7.695715	15.127043
7.695527	15.213938
7.695338	15.299312
7.695150	15.382344
7.694962	15.459508
7.694773	15.530617
7.694585	15.596965
7.694396	15.660109
7.694208	15.720070
7.694020	15.777375
7.693831	15.832582
7.693643	15.886344
7.693455	15.938066
7.693266	15.988520
7.693078	16.041246
7.692890	16.095414
7.692701	16.150012
7.692513	16.203406
7.692325	16.255125
7.692136	16.304664
7.691948	16.352535
7.691760	16.399250
7.691571	16.445289
7.691383	16.489887
7.691195	16.532945
7.691006	16.571527
7.690817	16.605340
7.690629	16.635410
7.690441	16.662813
7.690252	16.688293
7.690064	16.712348
7.689876	16.735273
7.689687	16.757129
7.689499	16.778949
7.689311	16.802184
7.689122	16.827777
7.688934	16.855184
7.688745	16.882586
7.688557	16.909172
7.688369	16.934250
7.688180	16.958223
7.687992	16.981609
7.687804	17.004641
7.687615	17.027336
7.687427	17.046797
7.687239	17.062449
7.687050	17.075141
7.686862	17.085746
7.686674	17.094965
7.686485	17.103227
7.686296	17.110820
7.686108	17.117887
7.685920	17.124523
7.685731	17.131375
7.685543	17.140879
7.685355	17.153051
7.685166	17.166820
7.684978	17.181156
7.684790	17.195391
7.684601	17.208715
7.684413	17.221305
7.684225	17.233574
7.684036	17.245773
7.683848	17.257898
7.683660	17.269875
7.683471	17.279137
7.683283	17.285082
7.683095	17.288352
7.682906	17.289820
7.682718	17.290129
7.682529	17.289719
7.682341	17.288848
7.682153	17.287688
7.681964	17.286316
7.681776	17.284809
7.681587	17.283207
7.681399	17.282078
7.681211	17.283570
7.681022	17.287781
7.680834	17.293820
7.680645	17.300715
7.680457	17.307820
7.680269	17.314328
7.680080	17.320348
7.679892	17.326215
7.679704	17.332145
7.679515	17.338176
7.679327	17.344262
7.679139	17.350309
7.678950	17.354055
7.678762	17.354883
7.678574	17.353289
7.678385	17.350027
7.678197	17.345723
7.678009	17.340793
7.677726	17.332430
7.677302	17.318758
7.676878	17.305273
7.676454	17.292176
7.676031	17.290871
7.675607	17.296195
7.675183	17.302656
7.674759	17.307129
7.674335	17.310730
7.673911	17.313926
7.673488	17.316391
7.673064	17.307969
7.672640	17.291223
7.672216	17.270277
7.671792	17.247602
7.671368	17.224254
7.670945	17.200719
7.670309	17.163980
7.669673	17.147023
7.669037	17.136750
7.668401	17.124367
7.667766	17.110582
7.667130	17.095305
7.666494	17.060207
7.665858	17.014168
7.665223	16.964750
7.664587	16.915145
7.663951	16.866301
7.663315	16.818637
7.662680	16.790781
7.662044	16.770363
7.661408	16.748574
7.660772	16.726090
7.660137	16.702691
7.659501	16.660910
7.658865	16.608852
7.658229	16.553758
7.657594	16.498703
7.656958	16.444824
7.656322	16.409254
7.655686	16.367969
7.655051	16.334602
7.654415	16.307598
7.653779	16.282582
7.653143	16.240871
7.652508	16.189441
7.651872	16.135188
7.651236	16.081090
7.650600	16.028250
7.649965	15.993168
7.649329	15.952973
7.648693	15.920484
7.648057	15.894320
7.647422	15.870328
7.646786	15.830484
7.646150	15.781281
7.645514	15.729309
7.644879	15.677473
7.644243	15.626875
7.643607	15.593422
7.642972	15.555379
7.642336	15.524812
7.641700	15.500512
7.641064	15.478516
7.640429	15.441484
7.639792	15.395402
7.639157	15.346590
7.638521	15.297871
7.637886	15.265355
7.637249	15.227453
7.636614	15.184477
7.635978	15.140043
7.635343	15.110945
7.634706	15.077375
7.634071	15.050766
7.633435	15.030090
7.632800	15.011781
7.632164	14.979266
7.631528	14.938027
7.630892	14.893969
7.630256	14.849906
7.629621	14.821238
7.628985	14.787875
7.628031	14.728973
7.627078	14.695281
7.626124	14.647520
7.625170	14.613770
7.624217	14.588262
7.623263	14.563949
7.622310	14.513238
7.621356	14.452090
7.620402	14.390121
7.619449	14.330590
7.618495	14.298547
7.617541	14.253297
7.616588	14.200641
7.615634	14.171680
7.614680	14.128281
7.613250	14.049875
7.611820	14.012332
7.610389	13.944137
7.608959	13.866723
7.607528	13.830832
7.606098	13.764801
7.604667	13.687406
7.604131	13.668348
7.603326	13.633301
7.602119	13.598527
7.600309	13.550316
7.598499	13.444562
7.596688	13.330727
7.594878	13.271645
7.593068	13.171043
7.591257	13.063672
7.589447	13.011551
7.587636	12.917285
7.585826	12.816863
7.584468	12.780672
7.583959	12.763023
7.583195	12.725820
7.582049	12.664867
7.580331	12.621500
7.579042	12.564258
7.577109	12.465172
7.576384	12.444461
7.575296	12.401258
7.573665	12.327184
7.571218	12.284180
7.569383	12.212996
7.568007	12.156531
7.566631	12.105203
7.565254	12.093668
7.563878	12.058664
7.562846	12.026551
7.561297	12.017336
7.559749	11.976863
7.558201	11.927750
7.557039	11.891844
7.555297	11.883605
7.553555	11.834809
7.551814	11.774230
7.550507	11.760035
7.548548	11.698926
7.546588	11.630777
7.544628	11.617125
7.542669	11.559805
7.540709	11.495105
7.538749	11.434422
7.536789	11.427559
7.534830	11.375934
7.534340	11.361711
7.533605	11.339984
7.532503	11.306797
7.530849	11.303242
7.528369	11.239848
7.525889	11.166352
7.523409	11.167813
7.520929	11.103574
7.518448	11.030621
7.514728	10.948227
7.511008	10.953316
7.510078	10.938406
7.509148	10.914699
7.507753	10.873902
7.505660	10.820805
7.502521	10.748473
7.499382	10.765512
7.496243	10.694344
7.491535	10.601809
7.488003	10.537184
7.484472	10.564969
7.480941	10.499340
7.475644	10.395516
7.470346	10.321047
7.469022	10.334930
7.467698	10.325039
7.465712	10.294645
7.462732	10.252098
7.458263	10.190246
7.453794	10.219168
7.449324	10.224941
7.442620	10.072566
7.437592	10.000051
7.432564	9.949352
7.427536	9.898906
7.419994	9.840574
7.414337	9.797520
7.408680	9.840223
7.403024	9.755406
7.398782	9.705504
7.392418	9.656484
7.386055	9.602758
7.384463	9.590316
7.382873	9.612965
7.381282	9.610887
7.379691	9.599289
7.378100	9.586910
7.375713	9.569289
7.372134	9.541102
7.366765	9.510934
7.361395	9.482719
7.356026	9.538297
7.347972	9.449730
7.339918	9.393781
7.331864	9.345148
7.323810	9.298184
7.315756	9.374645
7.307703	9.260477
7.299648	9.202848
7.291595	9.166480
7.283541	9.116906
7.275486	9.190941
7.263406	9.073273
7.254345	9.012000
7.245284	8.980922
7.236224	8.940113
7.222632	9.012344
7.209042	8.867844
7.195450	8.816289
7.181859	8.757582
7.168268	8.712301
7.154677	8.793117
7.134291	8.627629
7.119001	8.569027
7.103711	8.519984
7.088421	8.589184
7.073131	8.449996
7.057841	8.397348
7.034906	8.324266
7.017705	8.403652
7.000504	8.248227
6.991903	8.266375
6.979002	8.345437
6.966102	8.351734
6.953201	8.472328
6.940300	8.343203
6.920949	8.277504
6.901597	8.186367
6.882246	8.254727
6.862895	8.067199
6.843544	8.003438
6.824192	7.918852
6.795165	7.857469
6.773395	7.792199
6.751625	7.734129
6.729855	7.663336
6.697199	7.622895
6.672708	7.525242
6.648216	7.473242
6.623724	7.418711
6.614540	7.377348
6.600764	7.335227
6.580099	7.323992
6.559434	7.253402
6.538770	7.219812
6.507772	7.160645
6.484525	7.096879
6.461277	7.024809
6.438029	6.962082
6.403158	6.920828
6.377004	6.832742
6.350850	6.766875
6.324696	6.725453
6.298542	6.654312
6.272389	6.587199
6.246235	6.531566
6.236427	6.485500
6.221716	6.457660
6.199648	6.419781
6.177581	6.380215
6.155514	6.330945
6.122413	6.280422
6.097588	6.210508
6.072762	6.157449
6.047936	6.098598
6.010698	6.039301
5.982769	5.958605
5.954840	5.898262
5.947858	5.911207
5.937385	6.002531
5.926911	6.058422
5.916438	6.086098
5.900728	6.069887
5.885018	6.033996
5.869308	5.976121
5.845743	5.909582
5.822178	5.824336
5.798613	5.752289
5.775048	5.672668
5.751483	5.608891
5.742646	5.559137
5.729391	5.526836
5.709508	5.479617
5.689625	5.439730
5.669742	5.381629
5.639918	5.334445
5.617549	5.259906
5.595181	5.209547
5.572813	5.148461
5.539260	5.096227
5.514096	5.012699
5.488932	4.961418
5.463768	4.893516
5.426021	4.835980
5.397711	4.733234
5.369401	4.683156
5.341091	4.609789
5.330475	4.555973
5.314551	4.521469
5.290664	4.496738
5.266778	4.430164
5.242891	4.392992
5.207062	4.339566
5.180189	4.252793
5.153317	4.189609
5.126445	4.127742
5.086136	4.070848
5.055905	3.982465
5.025674	3.905832
4.995442	3.849566
4.972769	3.761926
4.938759	3.717684
4.904748	3.666891
4.870739	3.569340
4.836728	3.504277
4.802718	3.446020
4.768708	3.349109
4.734697	3.285391
4.700687	3.228570
4.675179	3.131332
4.636918	3.088086
4.598657	2.998680
4.560395	2.932086
4.522133	2.838043
4.483872	2.772457
4.445611	2.677324
4.407349	2.611984
4.369087	2.507797
4.330826	2.445633
4.292564	2.347547
4.254303	2.285438
4.216042	2.182316
4.187346	2.086070
4.144301	2.060383
4.112018	1.923281
4.079735	1.870684
4.047451	1.813508
4.035346	1.706113
4.017186	1.670547
3.989947	1.728113
3.962708	1.593328
3.935469	1.575230
3.894611	1.545191
3.863967	1.465172
3.833324	1.402852
3.802680	1.300516
3.779697	1.316059
3.745223	1.228262
3.710748	1.203324
3.676274	1.101836
3.641800	1.043102
3.628872	0.975207
3.609480	0.949313
3.580393	0.942117
3.551305	0.912926
3.522218	0.878391
3.500402	0.838793
3.467678	0.814332
3.434955	0.773805
3.402231	0.727016
3.369508	0.677461
3.357236	0.622059
3.338829	0.604672
3.311219	0.581590
3.283608	0.526453
3.255997	0.500758
3.235290	0.447320
3.204228	0.404672
3.173166	0.377469
3.142104	0.306742
3.111042	0.250063
3.079980	0.194797
3.068332	0.162434
3.050860	0.127414
3.024652	0.089891
2.998443	0.048129
2.972234	0.003699
2.952578	-0.033668
2.923094	-0.080355
2.893609	-0.130039
2.864125	-0.183336
2.834640	-0.237586
2.823584	-0.265523
2.806998	-0.300363
2.782121	-0.339453
2.757244	-0.380082
2.732366	-0.423004
2.713708	-0.458648
2.685721	-0.506184
2.657733	-0.554793
2.629746	-0.599734
2.601759	-0.654109
2.591264	-0.673848
2.575521	-0.707766
2.551907	-0.749746
2.528292	-0.791676
2.504678	-0.835895
2.486968	-0.870934
2.460402	-0.919137
2.433836	-0.969016
2.407269	-1.024602
2.380703	-1.077500
2.354138	-1.132090
2.334213	-1.172609
2.304326	-1.232418
2.281911	-1.276000
2.259496	-1.323844
2.237081	-1.368145
2.203459	-1.433437
2.178241	-1.473211
2.153025	-1.526602
2.127808	-1.578445
2.102591	-1.629898
2.083678	-1.668789
2.055309	-1.724809
2.026940	-1.775109
1.998571	-1.832867
1.970202	-1.888211
1.959563	-1.909273
1.943606	-1.947477
1.919669	-1.992512
1.895733	-2.035746
1.871796	-2.080957
1.853844	-2.133148
1.826916	-2.169773
1.799987	-2.230465
1.773059	-2.275262
1.746130	-2.322883
1.736032	-2.344477
1.720885	-2.378824
1.698164	-2.419555
1.675443	-2.459906
1.652722	-2.501973
1.635682	-2.535996
1.610121	-2.581695
1.584560	-2.627965
1.558999	-2.676512
1.533438	-2.725367
1.514267	-2.764031
1.485511	-2.815352
1.463944	-2.858059
1.442377	-2.900379
1.420810	-2.939465
1.388459	-2.994180
1.364196	-3.043730
1.339933	-3.092434
1.315670	-3.139883
1.291407	-3.186262
1.273210	-3.224691
1.245914	-3.270078
1.218618	-3.319141
1.191322	-3.370938
1.164026	-3.426555
1.143555	-3.473633
1.112847	-3.525609
1.089816	-3.579816
1.066785	-3.625437
1.043754	-3.674168
1.009208	-3.726121
0.983298	-3.783742
0.957389	-3.837391
0.931479	-3.889527
0.905569	-3.941176
0.879659	-3.991891
0.860227	-4.037340
0.831079	-4.080469
0.809217	-4.128980
0.787356	-4.171441
0.765495	-4.206195
0.743633	-4.250527
0.735435	-4.274828
0.723138	-4.302984
0.704693	-4.320770
0.686247	-4.352172
0.667802	-4.375922
0.640134	-4.413152
0.619382	-4.450074
0.598631	-4.487449
0.577880	-4.528680
0.557129	-4.558320
0.541565	-4.590609
0.518220	-4.620484
0.494875	-4.657512
0.471530	-4.697461
0.448185	-4.738512
0.424840	-4.779391
0.401495	-4.820566
0.378150	-4.862441
0.354805	-4.903160
0.331460	-4.944273
0.308115	-4.985520
0.284770	-5.024762
0.261424	-5.064156
0.238079	-5.101562
0.214734	-5.139348
0.191389	-5.175816
0.168044	-5.213012
0.144699	-5.248227
0.121354	-5.284508
0.098009	-5.319207
0.074664	-5.354168
0.051319	-5.387445
0.027974	-5.421090
0.004629	-5.452246
-0.020214	-5.491066
-0.045427	-5.528645
-0.070639	-5.572500
-0.095852	-5.611449
-0.121065	-5.654496
-0.146277	-5.691875
-0.171490	-5.731727
-0.196703	-5.768070
-0.221915	-5.806676
-0.247128	-5.841105
-0.272341	-5.877730
-0.297553	-5.910551
-0.322766	-5.946102
-0.347979	-5.978039
-0.373192	-6.012906
-0.398404	-6.044273
-0.423617	-6.078266
-0.448830	-6.108770
-0.474042	-6.140805
-0.499255	-6.171523
-0.524468	-6.202707
-0.549680	-6.232922
-0.574893	-6.263762
-0.600106	-6.293941
-0.625318	-6.305777
-0.650531	-6.331051
-0.675744	-6.378266
-0.700956	-6.408152
-0.726169	-6.443926
-0.751382	-6.474246
-0.776595	-6.509164
-0.801807	-6.538883
-0.827020	-6.572363
-0.852233	-6.598266
-0.877445	-6.627863
-0.902658	-6.657285
-0.912113	-6.681996
-0.926295	-6.698328
-0.947568	-6.711066
-0.968841	-6.730082
-0.990114	-6.751563
-1.006069	-6.772742
-1.022024	-6.789129
-1.037979	-6.803937
-1.061911	-6.818691
-1.079861	-6.840063
-1.097810	-6.858992
-1.115759	-6.876437
-1.133709	-6.897582
-1.151658	-6.910906
-1.169607	-6.926734
-1.183069	-6.942672
-1.196531	-6.959660
-1.209993	-6.968957
-1.230186	-6.978883
-1.245331	-6.999320
-1.260475	-7.011359
-1.275620	-7.023324
-1.290765	-7.040258
-1.305909	-7.050641
-1.317268	-7.061668
-1.334306	-7.076082
-1.347084	-7.086461
-1.359862	-7.096090
-1.372641	-7.109090
-1.377433	-7.116727
-1.384620	-7.121859
-1.395402	-7.128156
-1.406184	-7.131656
-1.416965	-7.136020
-1.421009	-7.141984
-1.427073	-7.147523
-1.436170	-7.148246
-1.445268	-7.150473
-1.454365	-7.155820
-1.468010	-7.156160
-1.478244	-7.163930
-1.488479	-7.168188
-1.498713	-7.174520
-1.506389	-7.178668
-1.517902	-7.181379
-1.529415	-7.188293
-1.540929	-7.192527
-1.549564	-7.200051
-1.558199	-7.203832
-1.566834	-7.209613
-1.579787	-7.212160
-1.589502	-7.219949
-1.599216	-7.227160
-1.608930	-7.231355
-1.623502	-7.239641
-1.634431	-7.247082
-1.645360	-7.257227
-1.656289	-7.286570
-1.660387	-7.293812
-1.666534	-7.289859
-1.675756	-7.282109
-1.684977	-7.283730
-1.694198	-7.286820
-1.708030	-7.294340
-1.718404	-7.323895
-1.728778	-7.328367
-1.739151	-7.325215
-1.754712	-7.324852
-1.766383	-7.337941
-1.778053	-7.371508
-1.789724	-7.376367
-1.794100	-7.378012
-1.800665	-7.376605
-1.810512	-7.379867
-1.820359	-7.386617
-1.830206	-7.411734
-1.844977	-7.418445
-1.856055	-7.422250
-1.867133	-7.425598
-1.878210	-7.435797
-1.894827	-7.476090
-1.907290	-7.479957
-1.919753	-7.482605
-1.932215	-7.489289
-1.936889	-7.505926
-1.943899	-7.517668
-1.954414	-7.520461
-1.964930	-7.525113
-1.975445	-7.551895
-1.991218	-7.557445
-2.003048	-7.562293
-2.014878	-7.593047
-2.026708	-7.596613
-2.044452	-7.599684
-2.057761	-7.633633
-2.071069	-7.640332
-2.084378	-7.644609
-2.104341	-7.687434
-2.119313	-7.691863
-2.134285	-7.698453
-2.149257	-7.737457
-2.171715	-7.744422
-2.188559	-7.759340
-2.205402	-7.805195
-2.222246	-7.811191
-2.228562	-7.815914
-2.238037	-7.841555
-2.252249	-7.845387
-2.266460	-7.849973
-2.280672	-7.885887
-2.301990	-7.889336
-2.317978	-7.900719
-2.333966	-7.942828
-2.349954	-7.946383
-2.373937	-7.957941
-2.391924	-8.006699
-2.409910	-8.011852
-2.427897	-8.021785
-2.434642	-8.046535
-2.444760	-8.055789
-2.459936	-8.084047
-2.475112	-8.081207
-2.490289	-8.083961
-2.513053	-8.130914
-2.530127	-8.131695
-2.547200	-8.165758
-2.564274	-8.166117
-2.581347	-8.198508
-2.598420	-8.197281
-2.615494	-8.231668
-2.632567	-8.229508
-2.649641	-8.262449
-2.656043	-8.266418
-2.665647	-8.261004
-2.680053	-8.287141
-2.694458	-8.285973
-2.708864	-8.312059
-2.723269	-8.308754
-2.744878	-8.343961
-2.761085	-8.340875
-2.777291	-8.373340
-2.793497	-8.370227
-2.817807	-8.412180
-2.836039	-8.410762
-2.854271	-8.449348
-2.872503	-8.448160
-2.890736	-8.486922
-2.897573	-8.490559
-2.907828	-8.507148
-2.923212	-8.500223
-2.938595	-8.530523
-2.953979	-8.527105
-2.977054	-8.541445
-2.994360	-8.555668
-3.011666	-8.594629
-3.028973	-8.594098
-3.046279	-8.630891
-3.072238	-8.631145
-3.091708	-8.679238
-3.111178	-8.680207
-3.130647	-8.722301
-3.137948	-8.725379
-3.148900	-8.743543
-3.165328	-8.736828
-3.181755	-8.769719
-3.198183	-8.793621
-3.222824	-8.785738
-3.241305	-8.824824
-3.259786	-8.855305
-3.278266	-8.845273
-3.296747	-8.881816
-3.303678	-8.899328
-3.314073	-8.892934
-3.329667	-8.912051
-3.345260	-8.933840
-3.360853	-8.921074
-3.384243	-8.957840
-3.401786	-8.982348
-3.419328	-8.974336
-3.436870	-9.006219
-3.454413	-9.034070
-3.471955	-9.023453
-3.489498	-9.057871
-3.502655	-9.081750
-3.522390	-9.069227
-3.542125	-9.108434
-3.561860	-9.137824
-3.581596	-9.128121
-3.601331	-9.169191
-3.621066	-9.199625
-3.640801	-9.190484
-3.660537	-9.231930
-3.680272	-9.262660
-3.700007	-9.283742
-3.719742	-9.280434
-3.739478	-9.320395
-3.759213	-9.350566
-3.778948	-9.373184
-3.793750	-9.363844
-3.808551	-9.391602
-3.823353	-9.416359
-3.845555	-9.437988
-3.862206	-9.427879
-3.878858	-9.459957
-3.895509	-9.486566
-3.901754	-9.498297
-3.911120	-9.508496
-3.925170	-9.517875
-3.939220	-9.527738
-3.953270	-9.512223
-3.974344	-9.542582
-3.990150	-9.565586
-4.005957	-9.582562
-4.021762	-9.596820
-4.033617	-9.608152
-4.051399	-9.620516
-4.069180	-9.634762
-4.086962	-9.649988
-4.100299	-9.663211
-4.113635	-9.674934
-4.126971	-9.685781
-4.146976	-9.699527
-4.161979	-9.713668
-4.176983	-9.727023
-4.191986	-9.739844
-4.197612	-9.747250
-4.206052	-9.754723
-4.218711	-9.762605
-4.231370	-9.770977
-4.244029	-9.779563
-4.263018	-9.790891
-4.277259	-9.803055
-4.291501	-9.814711
-4.305742	-9.825980
-4.311083	-9.832531
-4.319094	-9.839176
-4.331110	-9.846129
-4.343126	-9.853484
-4.355142	-9.861020
-4.373167	-9.871016
-4.386685	-9.881879
-4.400203	-9.892406
-4.413722	-9.902672
-4.418791	-9.908605
-4.426395	-9.914723
-4.437801	-9.921195
-4.449207	-9.927973
-4.460613	-9.934938
-4.477722	-9.944395
-4.490554	-9.954703
-4.503386	-9.964883
-4.516218	-9.975000
-4.521029	-9.980703
-4.528247	-9.986895
-4.539074	-9.993766
-4.549901	-10.000895
-4.560728	-10.008184
-4.576968	-10.017977
-4.589149	-10.028078
-4.601329	-10.038039
-4.613509	-10.047891
-4.618076	-10.053281
-4.624928	-10.059258
-4.635205	-10.065953
-4.645482	-10.072754
-4.655759	-10.079598
-4.671175	-10.088715
-4.682736	-10.098102
-4.694298	-10.107453
-4.705860	-10.116742
-4.723202	-10.129563
-4.736209	-10.142297
-4.749216	-10.154969
-4.762223	-10.167590
-4.767100	-10.174168
-4.774416	-10.181738
-4.785391	-10.190734
-4.796366	-10.199949
-4.807340	-10.209254
-4.823802	-10.222457
-4.836148	-10.233918
-4.848495	-10.245629
-4.860841	-10.258266
-4.879361	-10.274180
-4.893250	-10.290188
-4.907140	-10.305563
-4.921030	-10.319867
-4.926239	-10.327957
-4.934052	-10.337363
-4.945771	-10.348227
-4.957490	-10.359133
-4.969210	-10.370184
-4.986789	-10.385445
-4.999973	-10.399836
-5.013157	-10.413914
-5.026342	-10.427777
-5.046118	-10.446930
-5.060951	-10.464797
-5.075783	-10.482266
-5.090615	-10.499480
-5.096178	-10.508168
-5.104521	-10.518230
-5.117035	-10.530504
-5.129550	-10.543074
-5.142065	-10.555746
-5.160838	-10.573148
-5.174917	-10.589379
-5.188996	-10.605234
-5.203075	-10.620844
-5.224194	-10.642437
-5.240033	-10.662473
-5.255872	-10.682020
-5.271711	-10.701352
-5.277650	-10.711152
-5.286560	-10.722602
-5.299924	-10.736793
-5.313289	-10.751445
-5.326653	-10.766312
-5.346699	-10.786902
-5.361734	-10.806051
-5.376769	-10.824805
-5.391803	-10.843312
-5.414355	-10.868859
-5.431270	-10.892430
-5.448184	-10.915453
-5.465097	-10.940680
-5.482012	-10.963703
-5.488355	-10.974559
-5.497869	-10.988246
-5.512140	-11.006637
-5.526411	-11.022727
-5.540682	-11.039520
-5.562089	-11.063574
-5.578145	-11.085094
-5.594200	-11.105453
-5.610255	-11.124988
-5.616275	-11.134902
-5.625307	-11.146293
-5.638853	-11.159969
-5.652400	-11.173867
-5.665946	-11.187809
-5.686266	-11.206488
-5.701506	-11.224133
-5.716746	-11.241305
-5.731986	-11.258164
-5.737700	-11.266914
-5.746273	-11.276949
-5.759131	-11.288922
-5.771990	-11.301145
-5.784849	-11.313395
-5.804137	-11.329672
-5.818603	-11.345324
-5.833069	-11.360617
-5.847535	-11.375648
-5.869234	-11.395930
-5.885508	-11.415242
-5.901782	-11.434141
-5.918056	-11.452824
-5.924159	-11.462516
-5.933313	-11.473652
-5.947045	-11.487090
-5.960776	-11.500871
-5.974507	-11.514750
-5.995104	-11.533500
-6.010552	-11.551406
-6.026000	-11.568965
-6.041448	-11.586301
-6.047241	-11.595250
-6.055930	-11.605617
-6.068964	-11.618109
-6.081998	-11.630832
-6.095032	-11.643652
-6.114583	-11.660898
-6.129247	-11.677305
-6.143910	-11.693406
-6.158574	-11.709305
-6.164072	-11.717520
-6.172320	-11.727125
-6.184692	-11.738730
-6.197064	-11.750508
-6.209437	-11.762297
-6.227995	-11.777945
-6.241914	-11.792824
-6.255833	-11.807441
-6.269751	-11.821836
-6.290629	-11.841352
-6.306288	-11.859914
-6.321946	-11.878289
-6.337605	-11.896582
-6.343477	-11.905918
-6.352285	-11.916918
-6.365497	-11.930430
-6.378708	-11.944203
-6.391921	-11.958047
-6.411738	-11.976727
-6.426602	-11.994242
-6.441465	-12.011043
-6.456328	-12.028187
-6.461902	-12.037168
-6.470263	-12.047258
-6.482804	-12.059930
-6.495345	-12.072367
-6.507886	-12.085332
-6.526697	-12.070813
-6.540806	-12.093164
-6.554914	-12.119582
-6.569023	-12.143258
-6.590186	-12.170949
-6.606058	-12.192969
-6.621930	-12.184934
-6.637803	-12.209586
-6.643754	-12.224227
-6.652683	-12.242344
-6.666075	-12.263457
-6.679467	-12.282125
-6.692859	-12.273492
-6.712947	-12.298793
-6.728014	-12.326129
-6.743080	-12.351086
-6.758146	-12.372945
-6.763796	-12.370828
-6.772270	-12.380289
-6.775448	-12.386633
-6.778626	-12.393375
-6.781805	-12.400355
-6.786572	-12.410172
-6.793722	-12.422617
-6.804448	-12.415113
-6.815174	-12.427004
-6.825900	-12.442891
-6.841988	-12.461840
-6.854055	-12.476512
-6.866121	-12.466293
-6.878188	-12.478645
-6.896287	-12.501871
-6.909863	-12.521578
-6.923438	-12.514582
-6.937012	-12.532168
-6.957375	-12.562328
-6.972646	-12.587203
-6.987918	-12.583234
-7.003190	-12.606066
-7.008916	-12.619598
-7.017507	-12.636922
-7.030393	-12.657699
-7.043278	-12.652949
-7.056163	-12.670613
-7.075492	-12.700496
-7.089988	-12.724937
-7.104484	-12.721844
-7.118980	-12.743281
-7.140725	-12.778516
-7.157033	-12.806953
-7.173341	-12.805668
-7.189650	-12.831836
-7.195765	-12.847184
-7.204938	-12.866227
-7.218699	-12.865316
-7.232459	-12.887176
-7.246219	-12.912809
-7.266859	-12.944414
-7.282339	-12.943465
-7.297819	-12.967078
-7.313299	-12.995918
-7.319104	-12.998215
-7.327811	-13.011383
-7.340873	-13.032629
-7.353934	-13.031082
-7.366995	-13.050277
-7.386587	-13.081207
-7.401281	-13.082488
-7.415975	-13.105633
-7.430669	-13.132637
-7.436180	-13.134945
-7.444445	-13.147227
-7.456843	-13.166922
-7.469241	-13.164945
-7.481639	-13.181910
-7.500236	-13.209687
-7.514184	-13.209809
-7.528131	-13.230293
-7.542079	-13.254676
-7.563001	-13.256875
-7.578692	-13.283238
-7.594384	-13.313551
-7.610075	-13.316090
-7.615959	-13.326695
-7.624785	-13.345473
-7.638025	-13.370023
-7.651265	-13.369797
-7.664504	-13.388191
-7.684363	-13.419996
-7.699258	-13.421418
-7.714152	-13.443246
-7.729047	-13.471023
-7.734632	-13.473937
-7.743010	-13.471574
-7.755578	-13.489578
-7.768145	-13.511934
-7.780712	-13.512219
-7.799562	-13.537609
-7.813701	-13.542246
-7.827839	-13.565719
-7.841977	-13.592605
-7.863184	-13.596738
-7.879089	-13.623918
-7.894995	-13.655152
-7.910900	-13.659738
-7.916865	-13.670793
-7.925811	-13.690098
-7.939231	-13.694500
-7.952652	-13.715629
-7.966072	-13.740625
-7.986202	-13.744434
-8.001300	-13.769180
-8.016397	-13.798004
-8.031495	-13.802051
-8.037157	-13.811949
-8.045650	-13.828879
-8.058388	-13.831582
-8.071126	-13.851109
-8.083865	-13.856004
-8.102973	-13.884395
-8.117304	-13.891980
-8.131635	-13.916055
-8.145966	-13.923391
-8.167462	-13.956465
-8.183585	-13.966988
-8.199707	-13.995188
-8.215830	-14.005500
-8.221875	-14.018109
-8.230945	-14.038246
-8.244548	-14.044359
-8.258151	-14.066742
-8.271754	-14.073965
-8.292159	-14.060063
-8.307463	-14.097836
-8.322766	-14.128621
-8.338070	-14.110844
-8.361025	-14.126500
-8.378242	-14.138078
-8.395458	-14.173922
-8.412675	-14.193711
-8.429892	-14.231480
-8.442804	-14.247027
-8.462173	-14.285562
-8.481542	-14.304449
-8.500910	-14.342227
-8.515436	-14.357172
-8.529963	-14.385867
-8.544490	-14.398473
-8.566279	-14.435723
-8.582622	-14.450336
-8.598964	-14.480336
-8.615306	-14.493578
-8.621434	-14.506309
-8.630628	-14.525926
-8.644416	-14.534121
-8.658205	-14.555988
-8.671993	-14.563953
-8.692677	-14.596270
-8.708189	-14.608305
-8.723701	-14.632836
-8.739214	-14.642246
-8.745031	-14.653566
-8.753757	-14.659730
-8.766846	-14.680449
-8.779934	-14.688387
-8.793023	-14.709254
-8.812655	-14.719934
-8.827380	-14.744141
-8.842105	-14.754211
-8.856830	-14.778090
-8.862351	-14.783660
-8.870634	-14.786711
-8.883059	-14.805250
-8.895482	-14.812738
-8.907907	-14.832289
-8.926542	-14.842129
-8.940519	-14.864383
-8.954496	-14.873344
-8.968473	-14.895129
-8.973715	-14.900184
-8.981577	-14.902785
-8.993369	-14.905301
-9.005162	-14.923687
-9.016955	-14.932438
-9.034645	-14.958895
-9.047913	-14.968234
-9.061179	-14.973297
-9.074447	-14.994043
-9.079422	-14.999551
-9.086884	-15.003391
-9.098079	-15.020781
-9.109273	-15.028141
-9.120467	-15.032090
-9.137259	-15.055238
-9.149852	-15.064418
-9.162446	-15.069809
-9.175039	-15.089398
-9.179762	-15.094629
-9.186846	-15.098227
-9.197471	-15.101770
-9.208097	-15.118156
-9.218722	-15.125883
-9.234661	-15.148684
-9.246615	-15.156422
-9.258569	-15.160008
-9.270523	-15.176770
-9.275005	-15.181137
-9.281730	-15.183848
-9.291816	-15.186363
-9.301902	-15.200891
-9.311988	-15.207602
-9.327118	-15.212652
-9.338465	-15.230164
-9.349812	-15.238742
-9.361158	-15.243965
-9.378179	-15.267590
-9.390944	-15.277867
-9.403709	-15.284281
-9.416474	-15.303992
-9.421262	-15.309496
-9.428442	-15.313766
-9.439213	-15.318352
-9.449984	-15.335082
-9.460754	-15.344031
-9.476911	-15.352063
-9.489027	-15.372105
-9.501144	-15.383352
-9.513261	-15.390934
-9.531437	-15.418113
-9.545069	-15.431688
-9.558701	-15.440820
-9.572331	-15.463352
-9.577444	-15.470090
-9.585112	-15.476086
-9.596613	-15.482945
-9.608115	-15.502129
-9.619617	-15.513859
-9.636869	-15.525270
-9.649809	-15.547992
-9.662748	-15.562254
-9.675688	-15.572402
-9.695097	-15.603109
-9.709654	-15.619996
-9.724211	-15.631871
-9.738768	-15.652770
-9.744226	-15.661121
-9.752415	-15.670398
-9.764697	-15.680719
-9.776979	-15.702648
-9.789262	-15.716918
-9.807685	-15.731387
-9.821503	-15.756477
-9.835320	-15.769113
-9.849138	-15.783695
-9.869864	-15.818914
-9.885409	-15.838859
-9.900954	-15.853066
-9.916499	-15.862180
-9.922328	-15.875289
-9.931072	-15.897926
-9.944188	-15.916949
-9.957304	-15.929617
-9.970420	-15.940504
-9.990094	-15.967723
-10.004849	-15.990582
-10.019606	-16.006648
-10.034361	-16.020344
-10.039894	-16.032016
-10.048194	-16.043367
-10.060644	-16.052191
-10.073093	-16.077176
-10.085544	-16.094383
-10.104218	-16.110777
-10.118225	-16.135625
-10.132231	-16.148602
-10.146237	-16.163430
-10.167247	-16.181715
-10.183003	-16.211324
-10.198760	-16.228770
-10.214518	-16.247891
-10.220426	-16.255875
-10.229289	-16.273043
-10.242584	-16.289719
-10.255879	-16.298770
-10.269175	-16.312949
-10.289117	-16.347512
-10.304073	-16.368684
-10.319030	-16.379246
-10.333987	-16.395105
-10.339596	-16.407227
-10.348009	-16.419023
-10.360629	-16.431992
-10.373248	-16.440203
-10.385868	-16.464602
-10.404798	-16.489457
-10.418995	-16.504086
-10.433192	-16.512500
-10.447390	-16.539234
-10.452714	-16.548633
-10.460700	-16.558352
-10.472678	-16.569238
-10.484657	-16.575523
-10.496636	-16.596223
-10.514605	-16.618832
-10.528081	-16.632055
-10.541557	-16.638266
-10.555034	-16.661836
-10.575248	-16.688117
-10.590409	-16.702539
-10.605570	-16.711012
-10.620730	-16.738984
-10.626416	-16.749383
-10.634944	-16.760391
-10.647736	-16.771902
-10.660528	-16.778914
-10.673320	-16.792355
-10.692508	-16.824758
-10.706899	-16.845574
-10.721290	-16.856332
-10.735681	-16.871637
-10.741077	-16.878605
-10.749172	-16.887141
-10.761314	-16.907762
-10.773457	-16.920121
-10.785600	-16.934438
-10.803813	-16.951387
-10.817473	-16.965078
-10.831133	-16.984480
-10.844793	-17.005383
-10.865284	-17.027254
-10.880651	-17.043312
-10.896019	-17.054840
-10.911386	-17.084941
-10.917150	-17.096078
-10.925794	-17.108367
-10.938761	-17.118473
-10.951727	-17.133250
-10.964693	-17.147762
-10.984143	-17.167844
-10.998731	-17.190520
-11.013318	-17.214973
-11.027905	-17.233848
-11.033376	-17.241348
-11.041580	-17.247676
-11.053888	-17.260395
-11.066196	-17.273898
-11.078505	-17.287457
-11.096967	-17.312480
-11.110813	-17.335906
-11.124660	-17.353785
-11.138506	-17.368059
-11.159276	-17.381383
-11.174853	-17.401590
-11.190431	-17.420988
-11.206008	-17.439551
-11.211850	-17.446477
-11.220612	-17.457383
-11.233755	-17.481168
-11.246899	-17.496559
-11.260042	-17.513996
-11.279757	-17.535211
-11.294543	-17.547645
-11.309330	-17.567156
-11.324117	-17.588313
-11.329661	-17.595457
-11.337978	-17.603137
-11.350454	-17.619355
-11.362930	-17.637512
-11.375406	-17.647367
-11.394120	-17.671320
-11.408155	-17.692238
-11.422191	-17.703879
-11.436227	-17.723430
-11.446754	-17.740535
-11.462543	-17.758277
-11.478333	-17.774555
-11.494123	-17.795012
-11.509912	-17.818512
-11.525702	-17.832738
-11.537545	-17.852484
-11.549387	-17.868371
-11.561230	-17.886066
-11.578994	-17.900449
-11.592316	-17.921035
-11.605639	-17.938344
-11.618961	-17.957645
-11.638946	-17.972535
-11.653934	-17.996844
-11.668921	-18.015656
-11.683909	-18.031914
-11.695150	-18.046625
-11.712012	-18.070344
-11.728874	-18.084785
-11.745735	-18.110465
-11.758382	-18.127039
-11.771028	-18.141391
-11.783674	-18.157242
-11.802643	-18.182617
-11.816870	-18.194941
-11.831097	-18.216387
-11.845324	-18.233957
-11.850659	-18.242137
-11.858662	-18.253258
-11.870666	-18.266219
-11.882669	-18.278230
-11.894673	-18.291652
-11.912680	-18.313766
-11.926184	-18.323770
-11.939689	-18.342367
-11.953193	-18.358957
-11.958258	-18.363539
-11.965854	-18.373098
-11.977248	-18.386234
-11.988643	-18.393254
-12.000037	-18.407727
-12.017128	-18.425676
-12.029947	-18.433770
-12.042766	-18.450344
-12.055585	-18.465234
-12.060391	-18.470445
-12.067602	-18.476594
-12.078418	-18.489223
-12.089233	-18.497137
-12.100049	-18.508340
-12.116273	-18.524273
-12.128441	-18.533102
-12.140609	-18.546449
-12.152777	-18.560023
-12.157339	-18.564969
-12.164184	-18.572121
-12.174450	-18.582590
-12.184716	-18.589605
-12.194983	-18.599984
-12.210383	-18.614914
-12.221932	-18.623031
-12.233482	-18.635211
-12.245032	-18.647715
-12.262358	-18.658926
-12.275351	-18.674457
-12.288344	-18.690020
-12.301338	-18.700656
-12.306211	-18.706824
-12.313519	-18.720094
-12.324483	-18.733496
-12.335446	-18.740238
-12.346410	-18.757492
-12.362855	-18.772152
-12.375189	-18.786426
-12.387522	-18.798148
-12.399856	-18.816223
-12.404481	-18.821828
-12.411419	-18.830371
-12.421825	-18.844387
-12.432232	-18.848141
-12.442638	-18.860211
-12.458248	-18.880594
-12.469956	-18.891477
-12.481664	-18.905086
-12.493371	-18.918543
-12.510932	-18.931031
-12.524103	-18.947492
-12.537273	-18.964137
-12.550445	-18.975938
-12.555384	-18.982527
-12.562793	-18.992676
-12.573905	-19.006871
-12.585018	-19.017066
-12.596131	-19.030891
-12.612801	-19.050906
-12.625302	-19.062668
-12.637804	-19.078773
-12.650307	-19.095234
-12.669060	-19.111910
-12.683125	-19.132125
-12.697189	-19.152227
-12.711254	-19.167016
-12.716528	-19.174969
-12.724440	-19.187023
-12.736307	-19.203789
-12.748174	-19.216203
-12.760041	-19.232551
-12.777842	-19.256074
-12.791192	-19.270230
-12.804543	-19.289102
-12.817894	-19.308195
-12.837919	-19.328246
-12.852939	-19.351578
-12.867958	-19.374566
-12.882977	-19.391816
-12.888610	-19.400980
-12.897058	-19.414715
-12.909731	-19.433742
-12.922403	-19.448168
-12.935076	-19.467039
-12.954085	-19.494145
-12.968342	-19.510887
-12.982598	-19.532750
-12.996855	-19.554680
-13.002201	-19.562809
-13.010221	-19.574437
-13.022249	-19.591547
-13.034279	-19.604613
-13.046308	-19.621562
-13.064351	-19.645781
-13.077884	-19.660344
-13.091417	-19.679445
-13.104950	-19.698746
-13.110024	-19.705926
-13.117637	-19.716074
-13.129055	-19.731148
-13.140473	-19.742566
-13.151891	-19.757586
-13.169019	-19.779508
-13.181864	-19.792680
-13.194710	-19.810063
-13.207555	-19.827883
-13.226823	-19.846328
-13.241275	-19.867875
-13.255726	-19.889379
-13.270177	-19.905469
-13.275596	-19.913953
-13.283725	-19.926691
-13.295918	-19.944613
-13.308111	-19.958164
-13.320304	-19.975566
-13.338594	-20.000719
-13.352311	-20.016082
-13.366029	-20.036016
-13.379746	-20.056293
-13.384890	-20.063914
-13.392606	-20.074586
-13.404181	-20.090535
-13.415754	-20.102852
-13.427328	-20.118730
-13.444689	-20.141957
-13.457710	-20.156121
-13.470731	-20.174398
-13.483751	-20.193164
-13.503283	-20.212906
-13.517931	-20.235445
-13.532579	-20.257941
-13.547228	-20.274977
-13.552721	-20.283809
-13.560961	-20.297016
-13.573319	-20.315730
-13.585679	-20.330055
-13.598039	-20.348164
-13.616578	-20.374426
-13.630483	-20.390590
-13.644387	-20.411258
-13.658292	-20.432328
-13.663506	-20.440270
-13.671328	-20.451348
-13.683059	-20.467926
-13.694791	-20.480855
-13.706523	-20.497281
-13.724121	-20.521355
-13.737319	-20.536125
-13.750518	-20.554926
-13.763716	-20.574242
-13.783514	-20.594656
-13.798362	-20.617703
-13.813210	-20.640730
-13.828058	-20.658262
-13.833626	-20.667340
-13.841978	-20.680762
-13.854506	-20.699891
-13.867035	-20.714633
-13.879562	-20.733125
-13.898355	-20.759992
-13.912449	-20.776648
-13.926543	-20.797738
-13.940638	-20.819332
-13.945923	-20.827594
-13.953851	-20.838859
-13.965743	-20.855789
-13.977634	-20.869117
-13.989527	-20.885914
-14.007365	-20.910594
-14.020743	-20.925887
-14.034122	-20.945117
-14.047501	-20.964930
-14.067568	-20.985961
-14.082619	-21.009527
-14.097670	-21.033109
-14.112720	-21.051188
-14.118364	-21.060512
-14.126830	-21.074184
-14.139529	-21.093801
-14.152228	-21.109059
-14.164927	-21.128004
-14.183976	-21.155586
-14.198263	-21.178113
-14.212549	-21.203570
-14.226835	-21.226266
-14.232193	-21.234402
-14.240230	-21.244941
-14.252283	-21.260621
-14.264338	-21.272871
-14.276392	-21.288859
-14.294474	-21.313031
-14.308034	-21.328223
-14.321595	-21.347488
-14.335156	-21.367543
-14.340241	-21.375336
-14.347870	-21.385793
-14.359312	-21.401621
-14.370754	-21.414164
-14.382195	-21.429727
-14.399359	-21.452855
-14.412231	-21.467188
-14.425104	-21.484938
-14.437976	-21.503426
-14.457285	-21.522898
-14.471766	-21.544605
-14.486247	-21.566543
-14.500729	-21.587684
-14.506159	-21.595863
-14.514305	-21.606957
-14.526524	-21.623922
-14.538742	-21.637492
-14.550961	-21.654578
-14.569289	-21.680020
-14.583035	-21.696004
-14.596781	-21.715848
-14.610527	-21.736449
-14.615682	-21.745375
-14.623414	-21.754805
-14.635013	-21.770336
-14.646610	-21.786809
-14.658209	-21.799586
-14.675606	-21.822574
-14.688654	-21.841473
-14.701702	-21.855566
-14.714749	-21.873434
-14.734322	-21.899965
-14.749001	-21.916637
-14.763680	-21.937707
-14.778358	-21.959594
-14.783863	-21.969129
-14.792120	-21.979137
-14.804505	-21.995887
-14.816891	-22.013707
-14.829276	-22.027625
-14.847855	-22.052969
-14.861788	-22.073812
-14.875722	-22.089559
-14.889655	-22.109582
-14.894880	-22.118773
-14.902718	-22.130648
-14.914474	-22.147238
-14.926230	-22.160289
-14.937987	-22.176313
-14.955622	-22.200387
-14.968847	-22.219398
-14.982074	-22.233691
-14.995299	-22.251898
-15.000259	-22.260328
-15.007699	-22.271262
-15.018858	-22.286602
-15.030018	-22.298676
-15.041177	-22.313359
-15.057917	-22.335707
-15.070471	-22.353480
-15.083025	-22.366891
-15.095579	-22.383836
-15.114411	-22.409656
-15.128534	-22.430340
-15.142658	-22.446219
-15.156782	-22.466711
-15.162078	-22.476191
-15.170023	-22.488531
-15.181940	-22.506070
-15.193856	-22.523570
-15.205773	-22.537559
-15.223649	-22.563055
-15.237055	-22.584363
-15.250462	-22.604934
-15.263868	-22.621410
-15.268895	-22.629469
-15.276437	-22.641313
-15.287748	-22.659344
-15.299060	-22.677332
-15.310371	-22.694824
-15.327339	-22.719176
-15.340065	-22.734988
-15.352790	-22.753906
-15.365516	-22.774023
-15.370288	-22.782563
-15.377446	-22.793484
-15.388184	-22.809180
-15.398921	-22.824984
-15.409657	-22.837102
-15.425764	-22.858738
-15.437843	-22.877359
-15.449923	-22.894687
-15.462002	-22.911730
-15.480122	-22.936453
-15.493711	-22.951945
-15.507299	-22.971242
-15.520889	-22.991648
-15.525985	-23.000625
-15.533629	-23.012309
-15.545095	-23.028613
-15.556561	-23.045238
-15.568027	-23.061473
-15.585226	-23.085070
-15.598125	-23.103852
-15.611025	-23.118078
-15.623924	-23.136543
-15.643272	-23.164727
-15.657784	-23.187609
-15.672297	-23.209484
-15.686808	-23.230711
-15.692249	-23.239992
-15.700413	-23.252273
-15.712657	-23.270086
-15.724901	-23.287957
-15.737145	-23.305707
-15.755511	-23.331215
-15.769286	-23.351965
-15.783061	-23.372363
-15.796836	-23.392883
-15.802001	-23.401934
-15.809750	-23.413523
-15.821372	-23.430418
-15.832994	-23.447613
-15.844617	-23.464754
-15.862050	-23.489168
-15.875126	-23.508813
-15.888201	-23.527961
-15.901277	-23.547102
-15.920889	-23.574633
-15.935598	-23.596992
-15.950309	-23.619027
-15.965018	-23.641227
-15.970534	-23.650992
-15.978808	-23.663559
-15.991220	-23.681910
-16.003632	-23.700598
-16.016043	-23.719230
-16.034658	-23.745926
-16.048622	-23.767402
-16.062584	-23.788441
-16.076548	-23.809516
-16.081783	-23.818715
-16.089638	-23.830594
-16.101418	-23.847875
-16.113199	-23.865418
-16.124981	-23.882871
-16.142653	-23.907781
-16.155905	-23.927723
-16.169159	-23.947234
-16.182413	-23.966727
-16.202293	-23.994789
-16.217203	-24.017504
-16.232113	-24.039988
-16.247025	-24.062656
-16.252615	-24.072527
-16.261002	-24.085406
-16.273582	-24.104180
-16.286163	-24.123281
-16.298744	-24.142375
-16.317616	-24.169805
-16.331768	-24.191770
-16.345921	-24.213332
-16.360075	-24.234938
-16.365381	-24.243363
-16.373343	-24.251254
-16.385284	-24.259371
-16.397226	-24.267898
-16.409168	-24.278219
-16.427080	-24.297027
-16.440516	-24.314398
-16.453949	-24.332973
-16.467384	-24.352641
-16.487535	-24.382484
-16.502649	-24.406953
-16.517763	-24.431434
-16.532877	-24.456227
-16.538546	-24.466852
-16.547047	-24.480980
-16.559799	-24.501602
-16.572552	-24.522492
-16.585302	-24.543352
-16.604431	-24.573348
-16.618778	-24.597086
-16.633123	-24.620410
-16.647470	-24.643668
-16.652851	-24.653523
-16.660919	-24.666684
-16.673025	-24.685781
-16.685129	-24.705020
-16.697233	-24.724145
-16.715391	-24.751539
-16.729010	-24.773156
-16.742626	-24.794363
-16.756245	-24.815500
-16.761351	-24.824480
-16.769011	-24.836414
-16.780500	-24.853738
-16.791990	-24.871191
-16.803480	-24.888559
-16.820715	-24.913391
-16.833641	-24.932996
-16.846569	-24.952223
-16.859495	-24.971371
-16.878883	-24.999000
-16.893425	-25.020996
-16.907969	-25.042773
-16.922510	-25.064688
-16.927963	-25.073965
-16.936142	-25.086504
-16.948412	-25.104766
-16.960682	-25.123246
-16.972952	-25.141770
-16.991358	-25.168480
-17.005161	-25.189637
-17.018965	-25.210516
-17.032768	-25.231410
-17.037945	-25.240223
-17.045708	-25.252125
-17.057356	-25.269410
-17.069002	-25.286848
-17.080648	-25.304199
-17.098118	-25.329172
-17.111221	-25.348840
-17.124323	-25.368223
-17.137426	-25.387598
-17.157080	-25.415688
-17.171822	-25.438043
-17.186562	-25.460254
-17.201302	-25.482613
-17.206829	-25.492020
-17.215120	-25.504840
-17.227558	-25.523527
-17.239996	-25.542441
-17.252432	-25.561402
-17.271088	-25.588895
-17.285080	-25.610617
-17.299072	-25.632148
-17.313063	-25.653738
-17.318310	-25.662797
-17.326181	-25.675133
-17.337986	-25.693059
-17.349792	-25.711145
-17.361597	-25.729211
-17.379307	-25.755281
-17.392588	-25.775797
-17.405869	-25.796043
-17.419149	-25.816273
-17.439072	-25.845660
-17.454014	-25.868980
-17.468956	-25.892160
-17.483896	-25.915484
-17.489500	-25.925254
-17.497904	-25.938652
-17.510511	-25.958168
-17.523119	-25.977906
-17.535725	-25.997664
-17.554636	-26.026316
-17.568819	-26.048895
-17.583000	-26.071242
-17.597183	-26.093621
-17.602503	-26.102930
-17.610479	-26.115723
-17.622446	-26.134324
-17.634413	-26.153066
-17.646379	-26.171777
-17.664330	-26.198809
-17.677794	-26.219992
-17.691256	-26.240918
-17.704718	-26.261816
-17.709766	-26.270484
-17.717339	-26.282402
-17.728699	-26.299746
-17.740057	-26.317187
-17.751415	-26.334563
-17.768456	-26.359574
-17.781233	-26.379172
-17.794012	-26.398445
-17.806791	-26.417664
-17.825960	-26.445500
-17.840336	-26.467496
-17.854712	-26.489313
-17.869089	-26.511230
-17.874479	-26.520383
-17.882566	-26.532941
-17.894695	-26.551254
-17.906826	-26.569773
-17.918957	-26.588320
-17.937151	-26.615230
-17.950798	-26.636414
-17.964443	-26.657340
-17.978090	-26.678277
-17.983208	-26.686988
-17.990883	-26.698906
-18.002398	-26.716266
-18.013910	-26.733730
-18.025425	-26.751133
-18.042696	-26.776242
-18.055649	-26.795898
-18.068602	-26.815273
-18.081556	-26.834605
-18.086412	-26.842625
-18.093699	-26.853625
-18.104628	-26.869637
-18.115559	-26.885738
-18.126488	-26.901797
-18.142881	-26.924953
-18.155176	-26.943070
-18.167473	-26.960938
-18.179768	-26.978762
-18.198210	-27.004648
-18.212044	-27.025074
-18.225876	-27.045355
-18.239708	-27.065758
-18.244894	-27.074238
-18.252676	-27.085938
-18.264347	-27.103066
-18.276018	-27.120383
-18.287689	-27.137746
-18.305195	-27.163012
-18.318325	-27.182867
-18.331455	-27.202531
-18.344585	-27.222273
-18.349508	-27.230430
-18.356895	-27.241711
-18.367973	-27.258219
-18.379051	-27.274859
-18.390129	-27.291500
-18.406748	-27.315645
-18.419210	-27.334520
-18.431673	-27.353180
-18.444138	-27.371832
-18.462831	-27.399035
-18.476852	-27.420465
-18.490873	-27.441781
-18.504896	-27.463238
-18.510153	-27.472105
-18.518040	-27.484418
-18.529871	-27.502473
-18.541700	-27.520715
-18.553532	-27.539008
-18.571276	-27.565691
-18.584585	-27.586594
-18.597895	-27.607320
-18.611204	-27.628121
-18.616196	-27.636672
-18.623682	-27.648547
-18.634911	-27.665934
-18.646141	-27.683465
-18.657370	-27.700984
-18.674213	-27.726445
-18.686848	-27.746305
-18.699480	-27.765945
-18.712114	-27.785582
-18.731064	-27.814258
-18.745275	-27.836781
-18.759489	-27.859180
-18.773701	-27.881715
-18.779030	-27.890988
-18.787025	-27.903910
-18.799017	-27.922875
-18.811008	-27.942035
-18.823000	-27.961258
-18.840988	-27.989301
-18.854479	-28.011234
-18.867970	-28.032988
-18.881460	-28.054793
-18.886518	-28.063727
-18.894108	-28.076180
-18.905491	-28.094426
-18.916872	-28.112824
-18.928255	-28.131203
-18.945330	-28.157953
-18.958136	-28.178770
-18.970942	-28.199352
-18.983747	-28.219930
-19.002954	-28.250008
-19.017361	-28.273586
-19.031767	-28.297023
-19.046173	-28.320613
-19.051577	-28.330262
-19.059679	-28.343777
-19.071835	-28.363641
-19.083990	-28.383703
-19.096146	-28.403813
-19.114378	-28.433234
-19.128054	-28.456176
-19.141727	-28.478930
-19.155403	-28.501746
-19.160530	-28.511027
-19.168222	-28.524051
-19.179762	-28.543156
-19.191299	-28.562391
-19.202837	-28.581613
-19.220144	-28.609625
-19.233124	-28.631363
-19.246105	-28.652871
-19.259085	-28.674371
-19.263952	-28.683094
-19.271254	-28.695340
-19.282206	-28.713281
-19.293158	-28.731301
-19.304111	-28.749301
-19.320539	-28.775465
-19.332861	-28.795715
-19.345181	-28.815727
-19.357502	-28.835699
-19.375984	-28.864871
-19.389845	-28.887602
-19.403708	-28.910184
-19.417568	-28.932867
-19.422766	-28.942090
-19.430563	-28.955078
-19.442259	-28.974156
-19.453955	-28.993391
-19.465649	-29.012660
-19.483192	-29.040840
-19.496349	-29.062738
-19.509508	-29.084473
-19.522665	-29.106250
-19.527599	-29.115070
-19.535000	-29.127508
-19.546101	-29.145754
-19.557203	-29.164113
-19.568304	-29.182477
-19.584957	-29.209270
-19.597446	-29.230023
-19.609936	-29.250570
-19.622425	-29.271113
-19.641159	-29.301184
-19.655209	-29.324613
-19.669260	-29.347926
-19.683310	-29.371359
-19.688580	-29.380855
-19.696482	-29.394277
-19.708338	-29.414020
-19.720192	-29.433934
-19.732048	-29.453895
-19.749830	-29.483145
-19.763166	-29.505848
-19.776505	-29.528398
-19.789841	-29.551000
-19.794842	-29.560117
-19.802343	-29.573020
-19.813597	-29.591965
-19.824850	-29.611008
-19.836103	-29.630063
-19.852983	-29.657895
-19.865643	-29.679410
-19.878302	-29.700727
-19.890961	-29.722031
-19.909950	-29.753285
-19.924192	-29.777574
-19.938435	-29.801754
-19.952677	-29.826051
-19.958017	-29.835863
-19.966030	-29.849777
-19.978046	-29.870273
-19.990063	-29.890934
-20.002079	-29.911652
-20.020105	-29.942059
-20.033623	-29.965617
-20.047142	-29.989035
-20.060661	-30.012504
-20.065731	-30.021941
-20.073336	-30.035340
-20.084742	-30.055066
-20.096148	-30.074895
-20.107555	-30.094746
-20.124664	-30.123805
-20.137497	-30.146234
-20.150330	-30.168473
-20.163162	-30.190703
-20.167974	-30.199609
-20.175192	-30.212273
-20.186020	-30.230902
-20.196848	-30.249586
-20.207674	-30.268266
-20.223915	-30.295555
-20.236095	-30.316566
-20.248276	-30.337363
-20.260458	-30.358137
-20.278728	-30.388566
-20.292433	-30.412113
-20.306135	-30.435539
-20.319838	-30.459043
-20.324978	-30.468477
-20.332685	-30.481926
-20.344248	-30.501738
-20.355810	-30.521691
-20.367373	-30.541691
-20.384716	-30.571055
-20.397722	-30.593727
-20.410730	-30.616266
-20.423737	-30.638836
-20.428616	-30.647863
-20.435932	-30.660746
-20.446907	-30.679723
-20.457882	-30.698785
-20.468857	-30.717863
-20.485319	-30.745832
-20.497667	-30.767371
-20.510014	-30.788734
-20.522360	-30.810102
-20.540880	-30.841492
-20.554771	-30.865781
-20.568661	-30.889965
-20.582552	-30.914254
-20.587761	-30.923992
-20.595573	-30.937887
-20.607294	-30.958395
-20.619013	-30.979051
-20.630733	-30.999762
-20.648314	-31.030234
-20.661499	-31.053754
-20.674683	-31.077137
-20.687868	-31.100578
-20.692812	-31.109934
-20.700230	-31.123305
-20.711353	-31.143031
-20.722479	-31.162855
-20.733603	-31.182699
-20.750290	-31.211828
-20.762806	-31.234238
-20.775322	-31.256484
-20.787836	-31.278727
-20.806610	-31.311445
-20.820690	-31.333605
-20.834768	-31.352996
-20.848848	-31.371633
-20.862928	-31.390898
-20.877008	-31.411367
-20.882288	-31.419805
-20.890209	-31.432180
-20.902088	-31.451156
-20.913967	-31.470898
-20.925848	-31.491223
-20.943668	-31.521992
-20.957033	-31.546125
-20.970398	-31.570426
-20.983763	-31.595016
-20.988773	-31.604840
-20.996292	-31.618949
-21.007568	-31.639887
-21.018845	-31.660988
-21.030121	-31.682172
-21.047035	-31.713375
-21.059723	-31.737363
-21.072409	-31.761184
-21.085094	-31.784996
-21.089851	-31.794449
-21.096987	-31.807992
-21.107691	-31.827957
-21.118395	-31.847969
-21.129099	-31.867965
-21.145155	-31.897277
-21.157196	-31.919285
-21.169239	-31.940535
-21.181280	-31.961418
-21.190311	-31.976312
-21.203859	-31.996930
-21.217407	-32.015480
-21.230953	-32.031996
-21.244501	-32.047793
-21.258047	-32.064582
-21.271595	-32.080477
-21.285143	-32.098391
-21.298689	-32.119582
-21.312237	-32.143258
-21.325783	-32.168301
-21.339331	-32.194051
-21.349491	-32.213887
-21.364731	-32.243047
-21.379972	-32.272469
-21.395212	-32.302062
-21.410454	-32.331719
-21.425694	-32.361531
-21.437124	-32.384336
-21.448555	-32.406973
-21.459986	-32.429617
-21.477131	-32.463039
-21.489990	-32.488695
-21.502850	-32.514215
-21.515709	-32.539770
-21.534996	-32.577496
-21.549463	-32.606520
-21.563931	-32.635418
-21.578396	-32.664344
-21.592863	-32.693383
-21.598288	-32.704898
-21.606426	-32.721457
-21.618631	-32.745953
-21.630838	-32.770562
-21.643044	-32.795227
-21.661354	-32.831562
-21.675085	-32.859418
-21.688818	-32.887078
-21.702549	-32.914672
-21.716282	-32.942293
-21.721432	-32.953203
-21.729155	-32.968902
-21.740742	-32.992078
-21.752327	-33.015316
-21.763914	-33.038547
-21.781294	-33.072711
-21.794329	-33.098832
-21.807364	-33.124734
-21.820398	-33.150613
-21.825285	-33.160824
-21.832617	-33.175508
-21.843615	-33.197199
-21.854614	-33.217527
-21.865612	-33.235801
-21.876610	-33.251176
-21.887608	-33.263887
-21.898605	-33.275051
-21.909603	-33.285828
-21.926100	-33.302805
-21.942596	-33.322082
-21.959095	-33.343727
-21.975592	-33.367562
-21.992088	-33.393301
-22.008585	-33.420668
-22.025082	-33.449410
-22.041578	-33.479293
-22.058077	-33.510125
-22.074574	-33.541766
-22.091070	-33.574086
-22.107567	-33.606113
-22.124063	-33.637883
-22.136436	-33.662129
-22.148809	-33.686402
-22.161182	-33.710977
-22.179741	-33.747953
-22.193661	-33.776660
-22.207581	-33.805527
-22.221498	-33.834699
-22.242378	-33.878254
-22.258038	-33.911855
-22.273697	-33.945453
-22.289356	-33.979180
-22.305016	-34.013012
-22.320675	-34.046941
-22.336334	-34.080949
-22.351994	-34.115020
-22.367651	-34.149148
-22.383310	-34.183316
-22.398970	-34.217516
-22.414629	-34.251738
-22.430288	-34.285988
-22.445948	-34.320254
-22.461607	-34.354535
-22.477266	-34.388836
-22.492926	-34.423156
-22.508585	-34.457492
-22.524244	-34.491844
-22.539904	-34.526211
-22.555563	-34.560598
-22.571222	-34.595012
-22.586882	-34.629422
-22.602541	-34.663855
-22.618200	-34.698297
-22.633860	-34.732750
-22.649517	-34.767219
-22.665176	-34.801699
-22.680836	-34.836191
-22.696495	-34.870703
-22.712154	-34.905234
-22.727814	-34.939785
-22.743473	-34.974359
-22.759132	-35.008961
-22.774792	-35.043578
-22.790451	-35.078227
-22.806110	-35.112902
-22.821770	-35.147598
-22.837429	-35.182332
-22.853088	-35.217078
-22.868748	-35.251895
-22.884407	-35.286734
-22.900066	-35.321695
-22.915726	-35.356652
-22.931383	-35.391613
-22.947042	-35.426664
-22.962702	-35.461730
-22.978361	-35.496859
-22.994020	-35.532004
-23.009680	-35.567203
-23.025339	-35.602402
-23.040998	-35.637656
-23.056658	-35.672895
-23.072317	-35.708188
-23.087976	-35.743461
-23.103636	-35.778777
-23.119295	-35.814062
-23.134954	-35.849387
-23.150614	-35.884676
-23.166273	-35.920000
-23.181932	-35.955277
-23.197592	-35.990578
-23.213249	-36.025832
-23.228909	-36.061098
-23.244568	-36.096320
-23.260227	-36.131551
-23.275887	-36.166727
-23.291546	-36.201922
-23.307205	-36.237059
-23.322865	-36.272203
-23.338524	-36.307289
-23.354183	-36.342375
-23.369843	-36.377402
-23.385502	-36.412438
-23.401161	-36.447410
-23.416821	-36.482387
-23.432480	-36.517301
-23.448139	-36.552199
-23.459883	-36.578676
-23.471628	-36.604937
-23.483372	-36.631148
-23.500988	-36.669852
-23.514200	-36.699242
-23.527412	-36.728414
-23.540627	-36.757426
-23.553839	-36.786297
-23.567051	-36.815051
-23.580263	-36.843684
-23.593475	-36.872223
-23.606688	-36.900664
-23.619900	-36.929016
-23.633114	-36.957273
-23.646326	-36.985457
-23.659538	-37.013562
-23.672750	-37.041586
-23.685963	-37.069539
-23.699175	-37.097426
-23.712387	-37.125250
-23.725601	-37.153023
-23.738813	-37.180738
-23.752026	-37.208398
-23.765238	-37.236023
-23.778450	-37.263609
-23.791662	-37.291160
-23.804874	-37.318684
-23.818089	-37.346191
-23.831301	-37.373680
-23.844513	-37.401160
-23.857725	-37.428629
-23.870937	-37.456098
-23.884150	-37.483578
-23.897362	-37.511066
-23.910576	-37.538555
-23.923788	-37.565816
-23.937000	-37.592766
-23.946909	-37.613020
-23.956820	-37.633020
-23.966728	-37.652965
-23.981592	-37.682586
-23.992741	-37.705137
-24.003889	-37.727684
-24.015036	-37.750348
-24.019217	-37.759160
-24.025488	-37.772055
-24.034893	-37.791293
-24.044300	-37.810621
-24.053705	-37.830012
-24.067816	-37.858863
-24.078398	-37.880773
-24.088980	-37.902609
-24.099562	-37.924469
-24.107498	-37.941023
-24.119402	-37.965461
-24.131306	-37.989949
-24.143211	-38.014473
-24.155115	-38.038934
-24.167021	-38.063410
-24.178925	-38.087844
-24.190830	-38.112195
-24.202734	-38.136570
-24.214640	-38.160906
-24.226543	-38.185191
-24.238449	-38.209508
-24.250353	-38.233809
-24.262259	-38.258063
-24.274162	-38.282371
-24.286068	-38.306672
-24.297972	-38.330980
-24.309875	-38.355340
-24.318806	-38.373816
-24.332197	-38.401148
-24.345591	-38.428570
-24.358984	-38.456098
-24.369028	-38.477000
-24.379072	-38.497820
-24.389116	-38.518656
-24.404184	-38.549629
-24.415483	-38.573160
-24.426785	-38.596613
-24.438084	-38.620063
-24.449385	-38.643555
-24.453621	-38.652660
-24.459978	-38.665980
-24.469513	-38.685824
-24.479048	-38.705711
-24.488581	-38.725645
-24.502884	-38.755254
-24.513609	-38.777695
-24.524336	-38.800043
-24.535063	-38.822355
-24.545788	-38.844680
-24.549810	-38.853309
-24.555843	-38.865953
-24.564894	-38.884770
-24.573944	-38.903609
-24.582994	-38.922477
-24.596571	-38.950477
-24.606752	-38.971680
-24.616934	-38.992770
-24.627115	-39.013813
-24.637297	-39.034852
-24.652569	-39.066105
-24.664024	-39.089789
-24.675478	-39.113367
-24.686932	-39.136977
-24.691227	-39.146102
-24.697670	-39.159480
-24.707335	-39.179402
-24.716999	-39.199375
-24.726664	-39.219402
-24.741161	-39.249184
-24.752033	-39.271777
-24.762907	-39.294301
-24.773779	-39.317863
-24.777857	-39.327195
-24.783972	-39.341426
-24.793146	-39.363672
-24.802319	-39.386480
-24.811493	-39.409383
-24.825254	-39.442715
-24.835575	-39.467336
-24.845896	-39.491160
-24.856215	-39.514379
-24.871696	-39.547785
-24.883307	-39.572551
-24.894917	-39.596809
-24.906528	-39.620738
-24.918139	-39.644492
-24.922493	-39.653637
-24.929024	-39.667012
-24.938820	-39.686871
-24.948616	-39.706746
-24.958412	-39.726637
-24.973106	-39.756258
-24.984129	-39.778754
-24.995150	-39.801215
-25.006170	-39.823758
-25.022701	-39.857441
-25.035101	-39.883102
-25.047499	-39.908789
-25.059896	-39.934586
-25.072296	-39.960492
-25.084694	-39.986547
-25.097094	-40.012738
-25.109491	-40.039070
-25.121891	-40.065535
-25.134289	-40.092148
-25.146687	-40.118898
-25.159086	-40.145797
-25.171484	-40.172828
-25.183884	-40.200012
-25.196281	-40.227328
-25.208681	-40.254777
-25.221079	-40.282367
-25.233477	-40.310082
-25.245876	-40.337938
-25.258274	-40.365926
-25.270674	-40.394039
-25.283072	-40.422285
-25.295471	-40.450645
-25.307869	-40.479133
-25.320267	-40.507734
-25.332666	-40.536461
-25.345064	-40.565301
-25.357464	-40.594246
-25.369862	-40.623312
-25.382261	-40.652469
-25.394659	-40.681738
-25.407057	-40.711117
-25.419456	-40.740598
-25.431854	-40.770184
-25.444254	-40.799867
-25.456652	-40.829648
-25.469051	-40.859535
-25.481449	-40.889512
-25.493847	-40.919582
-25.506247	-40.949746
-25.518644	-40.980004
-25.531044	-41.010348
-25.543442	-41.040773
-25.555841	-41.071180
-25.568239	-41.101492
-25.572889	-41.113125
-25.579863	-41.130164
-25.590324	-41.155473
-25.600786	-41.180734
-25.611246	-41.206023
-25.626940	-41.243797
-25.638708	-41.272453
-25.650476	-41.301133
-25.662247	-41.329988
-25.679899	-41.373297
-25.693140	-41.406242
-25.706379	-41.439262
-25.719620	-41.472434
-25.732859	-41.505754
-25.746099	-41.539219
-25.759340	-41.572836
-25.772579	-41.606586
-25.785820	-41.640207
-25.795750	-41.665488
-25.810646	-41.703160
-25.825541	-41.741234
-25.840435	-41.779313
-25.855330	-41.817461
-25.870226	-41.855926
-25.885120	-41.894527
-25.900015	-41.933266
-25.914911	-41.972379
-25.929806	-42.011559
-25.944700	-42.050898
-25.959597	-42.090176
-25.974491	-42.129715
-25.989386	-42.169258
-26.004282	-42.209145
-26.019176	-42.249098
-26.034071	-42.289434
-26.048967	-42.329867
-26.063862	-42.370672
-26.078756	-42.411570
-26.093653	-42.452836
-26.108547	-42.494172
-26.123442	-42.535859
-26.138338	-42.577609
-26.153233	-42.619684
-26.168127	-42.661781
-26.183023	-42.704176
-26.197918	-42.746574
-26.212812	-42.789258
-26.227709	-42.831941
-26.242603	-42.874875
-26.257498	-42.917789
-26.272394	-42.960949
-26.287289	-43.004063
-26.302183	-43.047402
-26.317078	-43.090691
-26.331974	-43.134199
-26.346869	-43.177641
-26.361763	-43.221281
-26.376659	-43.264852
-26.391554	-43.308691
-26.406448	-43.352500
-26.421345	-43.396309
-26.436239	-43.440047
-26.451134	-43.483977
-26.466030	-43.527910
-26.480925	-43.571984
-26.495819	-43.615844
-26.510715	-43.659895
-26.525610	-43.703840
-26.540504	-43.747852
-26.555401	-43.791910
-26.570295	-43.836078
-26.585190	-43.880133
-26.600086	-43.924363
-26.614981	-43.968500
-26.629875	-44.012695
-26.644772	-44.056738
-26.659666	-44.100926
-26.674561	-44.144996
-26.689457	-44.189086
-26.704351	-44.233016
-26.719246	-44.277066
-26.734142	-44.321051
-26.749037	-44.364961
-26.763931	-44.408746
-26.778828	-44.452199
-26.793722	-44.495547
-26.808617	-44.538750
-26.823511	-44.581660
-26.838408	-44.624637
-26.853302	-44.667535
-26.868196	-44.710227
-26.883093	-44.752594
-26.897987	-44.795074
-26.912882	-44.837547
-26.927778	-44.879902
-26.942673	-44.922027
-26.957567	-44.964031
-26.972464	-45.005816
-26.987358	-45.047656
-27.002253	-45.089258
-27.017149	-45.130906
-27.032043	-45.172504
-27.046938	-45.214188
-27.061834	-45.255848
-27.076729	-45.297613
-27.091623	-45.339488
-27.106520	-45.381305
-27.121414	-45.423125
-27.136309	-45.465059
-27.151205	-45.506969
-27.166100	-45.548984
-27.180994	-45.590988
-27.195890	-45.633094
-27.210785	-45.675312
-27.225679	-45.717449
-27.240576	-45.759559
-27.255470	-45.801754
-27.270365	-45.843898
-27.285261	-45.886133
-27.300156	-45.928359
-27.315050	-45.970602
-27.329945	-46.012813
-27.344841	-46.054980
-27.359735	-46.097258
-27.374630	-46.139313
-27.389526	-46.181332
-27.404421	-46.223430
-27.419315	-46.265348
-27.434212	-46.307270
-27.449106	-46.349187
-27.464001	-46.391078
-27.478897	-46.432949
-27.493792	-46.474758
-27.508686	-46.516531
-27.523582	-46.558277
-27.538477	-46.599973
-27.553371	-46.641625
-27.568268	-46.683254
-27.583162	-46.724852
-27.598057	-46.766453
-27.612953	-46.808035
-27.627848	-46.849625
-27.642742	-46.891199
-27.657639	-46.932762
-27.672533	-46.974441
-27.687428	-47.015988
-27.702324	-47.057594
-27.717218	-47.099152
-27.732113	-47.140727
-27.747009	-47.182309
-27.761904	-47.223895
-27.776798	-47.265504
-27.791695	-47.307141
-27.806589	-47.348813
-27.821484	-47.390496
-27.836378	-47.432211
-27.851274	-47.473965
-27.866169	-47.515727
-27.881063	-47.557551
-27.895960	-47.599375
-27.910854	-47.641246
-27.925749	-47.683148
-27.940645	-47.725090
-27.955540	-47.767066
-27.970434	-47.809066
-27.985331	-47.851125
-28.000225	-47.893215
-28.015120	-47.935344
-28.030016	-47.977516
-28.044910	-48.019738
-28.059805	-48.061992
-28.074701	-48.104316
-28.089596	-48.146695
-28.104490	-48.189145
-28.119387	-48.231641
-28.134281	-48.274195
-28.149176	-48.316801
-28.164072	-48.359461
-28.178967	-48.402164
-28.193861	-48.444910
-28.208757	-48.487719
-28.223652	-48.530570
-28.238546	-48.573473
-28.253443	-48.616422
-28.268337	-48.659445
-28.283232	-48.702527
-28.298128	-48.745641
-28.313023	-48.788816
-28.327917	-48.832043
-28.342812	-48.875324
-28.357708	-48.918648
-28.372602	-48.962012
-28.387497	-49.005418
-28.402393	-49.048871
-28.417288	-49.092367
-28.432182	-49.135930
-28.447079	-49.179531
-28.461973	-49.223176
-28.476868	-49.266867
-28.491764	-49.310609
-28.506659	-49.354402
-28.521553	-49.398246
-28.536449	-49.442141
-28.551344	-49.486082
-28.566238	-49.530074
-28.581135	-49.574117
-28.596029	-49.618219
-28.610924	-49.662359
-28.625820	-49.706559
-28.640715	-49.750805
-28.655609	-49.795098
-28.670506	-49.839445
-28.685400	-49.883844
-28.700294	-49.928293
-28.715191	-49.972789
-28.730085	-50.017352
-28.744980	-50.061961
-28.759876	-50.106625
-28.774771	-50.151344
-28.789665	-50.196125
-28.804562	-50.240957
-28.819456	-50.285844
-28.834351	-50.330785
-28.849245	-50.375789
-28.864141	-50.420844
-28.879036	-50.465953
-28.893930	-50.511105
-28.908827	-50.556320
-28.923721	-50.601574
-28.938616	-50.646898
-28.953512	-50.692270
-28.968407	-50.737703
-28.983301	-50.783191
-28.998198	-50.828742
-29.013092	-50.874352
-29.027987	-50.920031
-29.042883	-50.965762
-29.057777	-51.011430
-29.072672	-51.056812
-29.087568	-51.101828
-29.102463	-51.146570
-29.113634	-51.180117
-29.124805	-51.213375
-29.135977	-51.246461
-29.147148	-51.279406
-29.158319	-51.312262
-29.169491	-51.345047
-29.180662	-51.377809
-29.191833	-51.410559
-29.203005	-51.443324
-29.214176	-51.476125
-29.225348	-51.508957
-29.236519	-51.541836
-29.247690	-51.574773
-29.258862	-51.607766
-29.270033	-51.640797
-29.281204	-51.673891
-29.292376	-51.707031
-29.303547	-51.740211
-29.314718	-51.773441
-29.325890	-51.806723
-29.337061	-51.840039
-29.348232	-51.873391
-29.359404	-51.906789
-29.370575	-51.940211
-29.381746	-51.973664
-29.392918	-52.007156
-29.404089	-52.040680
-29.415260	-52.074227
-29.426432	-52.107805
-29.437603	-52.141406
-29.448774	-52.175023
-29.459946	-52.208648
-29.471117	-52.242305
-29.482288	-52.275961
-29.493460	-52.309641
-29.504631	-52.343336
-29.515802	-52.377047
-29.526974	-52.410773
-29.538145	-52.444508
-29.549316	-52.478250
-29.560488	-52.512012
-29.571659	-52.545773
-29.582830	-52.579555
-29.594002	-52.613328
-29.605173	-52.647125
-29.616344	-52.680922
-29.627516	-52.714727
-29.638687	-52.748547
-29.649858	-52.782371
-29.661030	-52.816199
-29.672201	-52.850039
-29.683372	-52.883883
-29.694544	-52.917738
-29.705715	-52.951598
-29.716887	-52.985469
-29.728058	-53.019355
-29.739229	-53.053246
-29.750401	-53.087160
-29.761572	-53.121078
-29.772743	-53.155016
-29.783915	-53.188969
-29.795086	-53.222945
-29.806257	-53.256930
-29.817429	-53.290930
-29.828600	-53.324957
-29.839771	-53.359000
-29.850941	-53.393051
-29.862112	-53.427129
-29.873283	-53.461223
-29.884455	-53.495344
-29.895626	-53.529473
-29.906797	-53.563633
-29.917969	-53.597813
-29.929140	-53.632012
-29.940311	-53.666227
-29.951483	-53.700469
-29.962654	-53.734730
-29.973825	-53.769016
-29.984997	-53.803320
-29.996168	-53.837641
-30.007339	-53.871992
-30.018511	-53.906359
-30.029682	-53.940742
-30.040854	-53.975156
-30.052025	-54.009598
-30.063196	-54.044059
-30.074368	-54.078547
-30.085539	-54.113051
-30.096710	-54.147637
-30.100901	-54.160832
-30.107183	-54.180316
-30.116610	-54.209531
-30.126036	-54.238766
-30.135462	-54.267957
-30.144888	-54.297090
-30.154312	-54.326172
-30.163738	-54.355219
-30.173164	-54.384215
-30.182590	-54.413176
-30.192017	-54.442105
-30.201443	-54.471020
-30.210867	-54.499906
-30.220293	-54.528789
-30.229719	-54.557660
-30.239145	-54.586531
-30.248571	-54.615395
-30.257998	-54.644266
-30.267424	-54.673141
-30.276848	-54.702016
-30.286274	-54.730902
-30.295700	-54.759805
-30.305126	-54.788711
-30.314552	-54.817625
-30.323978	-54.846559
-30.333403	-54.875492
-30.342829	-54.904453
-30.352255	-54.933422
-30.361681	-54.962391
-30.371107	-54.991383
-30.380533	-55.020379
-30.389957	-55.049395
-30.399384	-55.078414
-30.408810	-55.107445
-30.418236	-55.136484
-30.427662	-55.165539
-30.437088	-55.194602
-30.446512	-55.223664
-30.455938	-55.252742
-30.465364	-55.281832
-30.474791	-55.310930
-30.484217	-55.340031
-30.493643	-55.369141
-30.503067	-55.398266
-30.512493	-55.427398
-30.521919	-55.456531
-30.531345	-55.485680
-30.540771	-55.514828
-30.550198	-55.543996
-30.559622	-55.573160
-30.569048	-55.602344
-30.578474	-55.631535
-30.587900	-55.660730
-30.597326	-55.689945
-30.606752	-55.719180
-30.616177	-55.748418
-30.625603	-55.777680
-30.635029	-55.806961
-30.644455	-55.836258
-30.653881	-55.865570
-30.663307	-55.894906
-30.672733	-55.924266
-30.682158	-55.953727
-30.696297	-55.997961
-30.706902	-56.031324
-30.717505	-56.064648
-30.728109	-56.098023
-30.738712	-56.131441
-30.749317	-56.164902
-30.759922	-56.198414
-30.770525	-56.231980
-30.781130	-56.265594
-30.791733	-56.299250
-30.802338	-56.332961
-30.812941	-56.366715
-30.823545	-56.400520
-30.834148	-56.434375
-30.844753	-56.468285
-30.855358	-56.502242
-30.865961	-56.536242
-30.876566	-56.570301
-30.887169	-56.604410
-30.897774	-56.638570
-30.908377	-56.672781
-30.918982	-56.707043
-30.929586	-56.741367
-30.940189	-56.775730
-30.950794	-56.810148
-30.961397	-56.844617
-30.972002	-56.879137
-30.982605	-56.913711
-30.993210	-56.948328
-31.003815	-56.983000
-31.014418	-57.017719
-31.025023	-57.052488
-31.035625	-57.087297
-31.046230	-57.122156
-31.056833	-57.157063
-31.067438	-57.192020
-31.078043	-57.227020
-31.088646	-57.262062
-31.099251	-57.297148
-31.109854	-57.332281
-31.120459	-57.367461
-31.131062	-57.402680
-31.141666	-57.437953
-31.152269	-57.473266
-31.162874	-57.508621
-31.173479	-57.544020
-31.184082	-57.579469
-31.194687	-57.614961
-31.205290	-57.650492
-31.215895	-57.686074
-31.226498	-57.721695
-31.237103	-57.757363
-31.247707	-57.793070
-31.258310	-57.828816
-31.268915	-57.864613
-31.279518	-57.900449
-31.290123	-57.936320
-31.300726	-57.972242
-31.311331	-58.008195
-31.321936	-58.044199
-31.332539	-58.080238
-31.343143	-58.116324
-31.353746	-58.152445
-31.364351	-58.188609
-31.374954	-58.224809
-31.385559	-58.261055
-31.396164	-58.297332
-31.406767	-58.333656
-31.417372	-58.370016
-31.427975	-58.406418
-31.438580	-58.442855
-31.449183	-58.479336
-31.459787	-58.515852
-31.470392	-58.552398
-31.480995	-58.588992
-31.491600	-58.625617
-31.502203	-58.662281
-31.512808	-58.698984
-31.523411	-58.735727
-31.534016	-58.772500
-31.544619	-58.809305
-31.555223	-58.846152
-31.565828	-58.883031
-31.576431	-58.919949
-31.587036	-58.956898
-31.597639	-58.993875
-31.608244	-59.030891
-31.618847	-59.067941
-31.629452	-59.105027
-31.640057	-59.142137
-31.650660	-59.179289
-31.661264	-59.216469
-31.671867	-59.253672
-31.682472	-59.290914
-31.693075	-59.328191
-31.703680	-59.365496
-31.714285	-59.402836
-31.724888	-59.440195
-31.735493	-59.477594
-31.746096	-59.515023
-31.756701	-59.552473
-31.767303	-59.589953
-31.777908	-59.627477
-31.788513	-59.665016
-31.799116	-59.702594
-31.809721	-59.740187
-31.820324	-59.777828
-31.830929	-59.815484
-31.841532	-59.853187
-31.852137	-59.890914
-31.862741	-59.928668
-31.873344	-59.966449
-31.883949	-60.004273
-31.894552	-60.042164
-31.905157	-60.080137
-31.915760	-60.118184
-31.926365	-60.156281
-31.936968	-60.194410
-31.947573	-60.232555
-31.958178	-60.270719
-31.968781	-60.308887
-31.979385	-60.347027
-31.989988	-60.385137
-32.000591	-60.423219
-32.011196	-60.461305
-32.021801	-60.499422
-32.032406	-60.537559
-32.043011	-60.575734
-32.053612	-60.613953
-32.064217	-60.652203
-32.074821	-60.690500
-32.085426	-60.728820
-32.096027	-60.767172
-32.106632	-60.805551
-32.117237	-60.843957
-32.127842	-60.882395
-32.138447	-60.920852
-32.149048	-60.959336
-32.159653	-60.997848
-32.170258	-61.036383
-32.180862	-61.074949
-32.191467	-61.113531
-32.202068	-61.152148
-32.212673	-61.190785
-32.223278	-61.229449
-32.233883	-61.268137
-32.244484	-61.306852
-32.255089	-61.345594
-32.265694	-61.384391
-32.276299	-61.423266
-32.286903	-61.462203
-32.297504	-61.501180
-32.308109	-61.540191
-32.318714	-61.579215
-32.329319	-61.618242
-32.339924	-61.657289
-32.350525	-61.696352
-32.361130	-61.735383
-32.371735	-61.774391
-32.382339	-61.813367
-32.392941	-61.852336
-32.403545	-61.891281
-32.414150	-61.930273
-32.424755	-61.969195
-32.435360	-62.008078
-32.451263	-62.065891
-32.467171	-62.123188
-32.483078	-62.179844
-32.498981	-62.235641
-32.514889	-62.290570
-32.530796	-62.344660
-32.546700	-62.397988
-32.562607	-62.450648
-32.578514	-62.502758
-32.594418	-62.554492
-32.610325	-62.605977
-32.626232	-62.657273
-32.642136	-62.708461
-32.658043	-62.759602
-32.673950	-62.810762
-32.689854	-62.862016
-32.705761	-62.913359
-32.721668	-62.964828
-32.737572	-63.016484
-32.753479	-63.068508
-32.777340	-63.147086
-32.795231	-63.206586
-32.813126	-63.266250
-32.831020	-63.326203
-32.848915	-63.386418
-32.866810	-63.446855
-32.884705	-63.507496
-32.902599	-63.568414
-32.920494	-63.629625
-32.938389	-63.691117
-32.956280	-63.752875
-32.974174	-63.814906
-32.992069	-63.877254
-33.009964	-63.939852
-33.027859	-64.002750
-33.045753	-64.065996
-33.063648	-64.129656
-33.081543	-64.193773
-33.099438	-64.258352
-33.117329	-64.323398
-33.135223	-64.388937
-33.153118	-64.454937
-33.171013	-64.521508
-33.188908	-64.588617
-33.206802	-64.656242
-33.224697	-64.724328
-33.242592	-64.792852
-33.260483	-64.861797
-33.278378	-64.931168
-33.296272	-65.000875
-33.314167	-65.070914
-33.332062	-65.141336
-33.349957	-65.212141
-33.367851	-65.283344
-33.385746	-65.354945
-33.403641	-65.426937
-33.421532	-65.499305
-33.439426	-65.572023
-33.457321	-65.645172
-33.475216	-65.718719
-33.493111	-65.792641
-33.511005	-65.866875
-33.528900	-65.941391
-33.546795	-66.016180
-33.564690	-66.091234
-33.582581	-66.166469
-33.600475	-66.241898
-33.618370	-66.317539
-33.636265	-66.393422
-33.654160	-66.469562
-33.672054	-66.545961
-33.689949	-66.622602
-33.707844	-66.699477
-33.725735	-66.776648
-33.743629	-66.854109
-33.761524	-66.931820
-33.779419	-67.009750
-33.797314	-67.087875
-33.815208	-67.166164
-33.833103	-67.244625
-33.850998	-67.323242
-33.868893	-67.401961
-33.886784	-67.480773
-33.904678	-67.559695
-33.922573	-67.638766
-33.940468	-67.717977
-33.958363	-67.797313
-33.976257	-67.876961
-33.994152	-67.956734
-34.012047	-68.036563
-34.029942	-68.116344
-34.047832	-68.195992
-34.065727	-68.275469
-34.083622	-68.354766
-34.101517	-68.433906
-34.119411	-68.512906
-34.137306	-68.591734
-34.155201	-68.670406
-34.173096	-68.748977
-34.190987	-68.827523
-34.208881	-68.906047
-34.226776	-68.984594
-34.244671	-69.063141
-34.262566	-69.141789
-34.280460	-69.220523
-34.298355	-69.299359
-34.316250	-69.378258
-34.334145	-69.457211
-34.352036	-69.536219
-34.369930	-69.615281
-34.387825	-69.694414
-34.405720	-69.773594
-34.423615	-69.852875
-34.441509	-69.932187
-34.459404	-70.011547
-34.477299	-70.091000
-34.495193	-70.170539
-34.513084	-70.250219
-34.530979	-70.330008
-34.548874	-70.409969
-34.566769	-70.490117
-34.584663	-70.570430
-34.602558	-70.650859
-34.620453	-70.731422
-34.638348	-70.812094
-34.656239	-70.892891
-34.674133	-70.973805
-34.692028	-71.054867
-34.709923	-71.136078
-34.727818	-71.217398
-34.745712	-71.298820
-34.763607	-71.380375
-34.781502	-71.462070
-34.799397	-71.543945
-34.817287	-71.625977
-34.835182	-71.708219
-34.853077	-71.790906
-34.870972	-71.873797
-34.888866	-71.956867
-34.906761	-72.040109
-34.924656	-72.123484
-34.942551	-72.206984
-34.960445	-72.290594
-34.978336	-72.374328
-34.996231	-72.458156
-35.014126	-72.542102
-35.032021	-72.626148
-35.049915	-72.710266
-35.054390	-72.731648
-35.058861	-72.752578
-35.063335	-72.773539
-35.070045	-72.804937
-35.080112	-72.852125
-35.090176	-72.899398
-35.100243	-72.946641
-35.110310	-72.993984
-35.125408	-73.065078
-35.136730	-73.118531
-35.148056	-73.171883
-35.159378	-73.225406
-35.167870	-73.265734
-35.180611	-73.326156
-35.193348	-73.386703
-35.206089	-73.447422
-35.218826	-73.508180
-35.231567	-73.569094
-35.244305	-73.630047
-35.257046	-73.691156
-35.269783	-73.752281
-35.282524	-73.813578
-35.292080	-73.859734
-35.306408	-73.928891
-35.320740	-73.998094
-35.335072	-74.067492
-35.349403	-74.136906
-35.363735	-74.206516
-35.378067	-74.276125
-35.392399	-74.345898
-35.406731	-74.415656
-35.421062	-74.485391
-35.435394	-74.555078
-35.449726	-74.624758
-35.464058	-74.694406
-35.478390	-74.764062
-35.492722	-74.833719
-35.507053	-74.903383
-35.521385	-74.973039
-35.535717	-75.042672
-35.550049	-75.112266
-35.564377	-75.181820
-35.578709	-75.251320
-35.593040	-75.320773
-35.607372	-75.390156
-35.621704	-75.459484
-35.636036	-75.528734
-35.650368	-75.598078
-35.661118	-75.650266
-35.677238	-75.728391
-35.689331	-75.787023
-35.701424	-75.845508
-35.713516	-75.904070
-35.731655	-75.991930
-35.745258	-76.057820
-35.758862	-76.123523
-35.772469	-76.189148
-35.786072	-76.254859
-35.796272	-76.304281
-35.811577	-76.378242
-35.826881	-76.452227
-35.842186	-76.526133
-35.857491	-76.599977
-35.872795	-76.673781
-35.888100	-76.747523
-35.903404	-76.821203
-35.918709	-76.894797
-35.934013	-76.968281
-35.949318	-77.041680
-35.964622	-77.115008
-35.979927	-77.188250
-35.995228	-77.261422
-36.010532	-77.334516
-36.025837	-77.407531
-36.041142	-77.480492
-36.056446	-77.553391
-36.071751	-77.626234
-36.087055	-77.699031
-36.102360	-77.771781
-36.117664	-77.844508
-36.132969	-77.917187
-36.148273	-77.989844
-36.163578	-78.062484
-36.178883	-78.135109
-36.194187	-78.207734
-36.209492	-78.280539
-36.220966	-78.335344
-36.238186	-78.417516
-36.251099	-78.479187
-36.264011	-78.540891
-36.283382	-78.633539
-36.297909	-78.703031
-36.312435	-78.772578
-36.323330	-78.824945
-36.339672	-78.903484
-36.356018	-78.982078
-36.372360	-79.060680
-36.388702	-79.139305
-36.405045	-79.217938
-36.421391	-79.296570
-36.437733	-79.375203
-36.454075	-79.453828
-36.470417	-79.532453
-36.486759	-79.611063
-36.503105	-79.689680
-36.519447	-79.768281
-36.535789	-79.846898
-36.552132	-79.925508
-36.568478	-80.004117
-36.584820	-80.082734
-36.601162	-80.161359
-36.617504	-80.239984
-36.633850	-80.318609
-36.650192	-80.397250
-36.666534	-80.475898
-36.682877	-80.554547
-36.699219	-80.633195
-36.715565	-80.711859
-36.731907	-80.790523
-36.748249	-80.869187
-36.764591	-80.947844
-36.780937	-81.026508
-36.797279	-81.105172
-36.813622	-81.183828
-36.829964	-81.262477
-36.846306	-81.341117
-36.862652	-81.419742
-36.878994	-81.498359
-36.895336	-81.576961
-36.911678	-81.655539
-36.928024	-81.734102
-36.944366	-81.812625
-36.960709	-81.891141
-36.977051	-81.969625
-36.993397	-82.048125
-37.009739	-82.126625
-37.026081	-82.205125
-37.042423	-82.283625
-37.058765	-82.362117
-37.075111	-82.440609
-37.079197	-82.460430
-37.083282	-82.480008
-37.089409	-82.509359
-37.098602	-82.553445
-37.112392	-82.619687
-37.126183	-82.685953
-37.139973	-82.752164
-37.153763	-82.818320
-37.167549	-82.884414
-37.181339	-82.950461
-37.195129	-83.016437
-37.208920	-83.082359
-37.222710	-83.148211
-37.236496	-83.214008
-37.250286	-83.279750
-37.264076	-83.345422
-37.277866	-83.411031
-37.291656	-83.476578
-37.305447	-83.542070
-37.319233	-83.607492
-37.333023	-83.672859
-37.346813	-83.738156
-37.360603	-83.803375
-37.374393	-83.868547
-37.388180	-83.933633
-37.401970	-83.998656
-37.415760	-84.063617
-37.419209	-84.080023
-37.422653	-84.096219
-37.427826	-84.120484
-37.435581	-84.156922
-37.447216	-84.211648
-37.450127	-84.225484
-37.453033	-84.239148
-37.457397	-84.259609
-37.463943	-84.290336
-37.473759	-84.336461
-37.483578	-84.382594
-37.493393	-84.428656
-37.503208	-84.474656
-37.513027	-84.520586
-37.522842	-84.566453
-37.532661	-84.612258
-37.542477	-84.658008
-37.552296	-84.703680
-37.562111	-84.749297
-37.571930	-84.794852
-37.581745	-84.840336
-37.591560	-84.885758
-37.601379	-84.931117
-37.611195	-84.976406
-37.621014	-85.021648
-37.630829	-85.066812
-37.640648	-85.111906
-37.650463	-85.156945
-37.660278	-85.201922
-37.670097	-85.246836
-37.679913	-85.291672
-37.689732	-85.336453
-37.699547	-85.381172
-37.709366	-85.425820
-37.719181	-85.470406
-37.729000	-85.514930
-37.738815	-85.559383
-37.748631	-85.603773
-37.758450	-85.648094
-37.768265	-85.692469
-37.782990	-85.759016
-37.785751	-85.771672
-37.788513	-85.784102
-37.792656	-85.802719
-37.798866	-85.830656
-37.808186	-85.872609
-37.817505	-85.914547
-37.826820	-85.956539
-37.840801	-86.019523
-37.851284	-86.066727
-37.861767	-86.113797
-37.872250	-86.160797
-37.882732	-86.207727
-37.893215	-86.254586
-37.903698	-86.301391
-37.914181	-86.348117
-37.924664	-86.394766
-37.935150	-86.441359
-37.945633	-86.487883
-37.956116	-86.534336
-37.966599	-86.580719
-37.977081	-86.627031
-37.987564	-86.673273
-37.998047	-86.719562
-38.013771	-86.789000
-38.025566	-86.841063
-38.037361	-86.893102
-38.055050	-86.971172
-38.068317	-87.029695
-38.081585	-87.088219
-38.101486	-87.176039
-38.116413	-87.241859
-38.131340	-87.307688
-38.153728	-87.406500
-38.170521	-87.480563
-38.187313	-87.554656
-38.193611	-87.582664
-38.203056	-87.624367
-38.217224	-87.687008
-38.231392	-87.749687
-38.245560	-87.812313
-38.259727	-87.874875
-38.273895	-87.937375
-38.288063	-87.999820
-38.302235	-88.062211
-38.316402	-88.124539
-38.330570	-88.186805
-38.344738	-88.249008
-38.358906	-88.311156
-38.373074	-88.373234
-38.387241	-88.435258
-38.401409	-88.497203
-38.415581	-88.559102
-38.429749	-88.620922
-38.443916	-88.682688
-38.458084	-88.744391
-38.472252	-88.806195
-38.493504	-88.898953
-38.509445	-88.968500
-38.525383	-89.037875
-38.541321	-89.107195
-38.557262	-89.176461
-38.573200	-89.245648
-38.589142	-89.314742
-38.605080	-89.383758
-38.621017	-89.452687
-38.636959	-89.521531
-38.652897	-89.590281
-38.668839	-89.658922
-38.684776	-89.727453
-38.700714	-89.795875
-38.716656	-89.864148
-38.732594	-89.932312
-38.748535	-90.000320
-38.764473	-90.068195
-38.780411	-90.135922
-38.796352	-90.203492
-38.812290	-90.270914
-38.828232	-90.338195
-38.844170	-90.405305
-38.860107	-90.472266
-38.876049	-90.539078
-38.891987	-90.605727
-38.907925	-90.672227
-38.923866	-90.738563
-38.939804	-90.804758
-38.955746	-90.870797
-38.971684	-90.936688
-38.987621	-91.002430
-39.003563	-91.068031
-39.019501	-91.133477
-39.035442	-91.198781
-39.051380	-91.263953
-39.067318	-91.328984
-39.083260	-91.393875
-39.099197	-91.458617
-39.115139	-91.523234
-39.131077	-91.587719
-39.147015	-91.652062
-39.162956	-91.716437
-39.186863	-91.847875
-39.204796	-91.911937
-39.222729	-91.980211
-39.249626	-92.085023
-39.269798	-92.164164
-39.289970	-92.243750
-39.297535	-92.273891
-39.308884	-92.318813
-39.325905	-92.386383
-39.342926	-92.454055
-39.359947	-92.521875
-39.385479	-92.623688
-39.404629	-92.700078
-39.423775	-92.776492
-39.452499	-92.891188
-39.474041	-92.977187
-39.495583	-93.062969
-39.517128	-93.148664
-39.538670	-93.234273
-39.560211	-93.319789
-39.581753	-93.405211
-39.603294	-93.490539
-39.624840	-93.575758
-39.646381	-93.660883
-39.667923	-93.745898
-39.689465	-93.830797
-39.711006	-93.915602
-39.732552	-94.000281
-39.754093	-94.084859
-39.775635	-94.169305
-39.797176	-94.253641
-39.818718	-94.337859
-39.840263	-94.421945
-39.861805	-94.505922
-39.883347	-94.589758
-39.904888	-94.673469
-39.926430	-94.757047
-39.947975	-94.840492
-39.969517	-94.923812
-39.991058	-95.006977
-40.012600	-95.090008
-40.034142	-95.172906
-40.055687	-95.255656
-40.077229	-95.338258
-40.098770	-95.420711
-40.120312	-95.503016
-40.141853	-95.585172
-40.163399	-95.667172
-40.184940	-95.749016
-40.206482	-95.830703
-40.228024	-95.912219
-40.249565	-95.993586
-40.271111	-96.074781
-40.292652	-96.155812
-40.314194	-96.236680
-40.335735	-96.317375
-40.357277	-96.397891
-40.378822	-96.478250
-40.400364	-96.558430
-40.421906	-96.638430
-40.443447	-96.718258
-40.464989	-96.797914
-40.486534	-96.877391
-40.508076	-96.956680
-40.529617	-97.035789
-40.551159	-97.114719
-40.572701	-97.193477
-40.594246	-97.272055
-40.615788	-97.350461
-40.637329	-97.428695
-40.658871	-97.506750
-40.680412	-97.584641
-40.701954	-97.662367
-40.723499	-97.739922
-40.745041	-97.817320
-40.766582	-97.894555
-40.788124	-97.971625
-40.809666	-98.048531
-40.831211	-98.125273
-40.852753	-98.201852
-40.874294	-98.278258
-40.895836	-98.354500
-40.917377	-98.430570
-40.938923	-98.506469
-40.960464	-98.582188
-40.982006	-98.657727
-41.003548	-98.733086
-41.025089	-98.808258
-41.046635	-98.883219
-41.068176	-98.957977
-41.089718	-99.032531
-41.111259	-99.106875
-41.132801	-99.181008
-41.154346	-99.254937
-41.175888	-99.328664
-41.197430	-99.402172
-41.218971	-99.475477
-41.240513	-99.548563
-41.262058	-99.621430
-41.283600	-99.694086
-41.305141	-99.766523
-41.326683	-99.838742
-41.348225	-99.910734
-41.369770	-99.982523
-41.391312	-100.054086
-41.412853	-100.125445
-41.434395	-100.196578
-41.455936	-100.267492
-41.477482	-100.338188
-41.499023	-100.408664
-41.520565	-100.478922
-41.542107	-100.548937
-41.563648	-100.618727
-41.585194	-100.688281
-41.606735	-100.757609
-41.628277	-100.826703
-41.649818	-100.895562
-41.671360	-100.964187
-41.692905	-101.032578
-41.714447	-101.100734
-41.735989	-101.168664
-41.757530	-101.236367
-41.779072	-101.303836
-41.800617	-101.371062
-41.822159	-101.438047
-41.843700	-101.504797
-41.865242	-101.571313
-41.886784	-101.637586
-41.908329	-101.703609
-41.929871	-101.769398
-41.951412	-101.834961
-41.972954	-101.900258
-41.994495	-101.965320
-42.016041	-102.030141
-42.037582	-102.094719
-42.059124	-102.159047
-42.069897	-102.191211
-42.080666	-102.223219
-42.096825	-102.271125
-42.121059	-102.342891
-42.145294	-102.414422
-42.169529	-102.485641
-42.193764	-102.556547
-42.217999	-102.627148
-42.242233	-102.697430
-42.266468	-102.767422
-42.290703	-102.837102
-42.314938	-102.906461
-42.339176	-102.975547
-42.363411	-103.044336
-42.387646	-103.112844
-42.411880	-103.181062
-42.436115	-103.249000
-42.460350	-103.316656
-42.484585	-103.384047
-42.508820	-103.451148
-42.533054	-103.517992
-42.557289	-103.584570
-42.581524	-103.650875
-42.605762	-103.716930
-42.629997	-103.782734
-42.654232	-103.848273
-42.678467	-103.913578
-42.702702	-103.978617
-42.726936	-104.043422
-42.751171	-104.107984
-42.775406	-104.172305
-42.799641	-104.236383
-42.823875	-104.300211
-42.848114	-104.363805
-42.872349	-104.427156
-42.896584	-104.490258
-42.920818	-104.553109
-42.945053	-104.615719
-42.969288	-104.678078
-42.993523	-104.740180
-43.017757	-104.802023
-43.041992	-104.863609
-43.066227	-104.924930
-43.090466	-104.985977
-43.114700	-105.046758
-43.138935	-105.107266
-43.163170	-105.167484
-43.187405	-105.227422
-43.211639	-105.287078
-43.235874	-105.346445
-43.260109	-105.405523
-43.284344	-105.464305
-43.308578	-105.522805
-43.332817	-105.581000
-43.357052	-105.638914
-43.381287	-105.696523
-43.405521	-105.753852
-43.429756	-105.810875
-43.453991	-105.867609
-43.478226	-105.924039
-43.502460	-105.980180
-43.526695	-106.036039
-43.550930	-106.091602
-43.575165	-106.146867
-43.599403	-106.201844
-43.623638	-106.256516
-43.647873	-106.310891
-43.672108	-106.364977
-43.696342	-106.418766
-43.720577	-106.472250
-43.744812	-106.525437
-43.769047	-106.578312
-43.793282	-106.630883
-43.817516	-106.683148
-43.841755	-106.735109
-43.865990	-106.786766
-43.890224	-106.838109
-43.914459	-106.889141
-43.938694	-106.977727
-43.962929	-107.020813
-43.987164	-107.066055
-44.011398	-107.112492
-44.035633	-107.159797
-44.059868	-107.207352
-44.065929	-107.219273
-44.071987	-107.231148
-44.074261	-107.235617
-44.077667	-107.242305
-44.082779	-107.252328
-44.090446	-107.267383
-44.101948	-107.289969
-44.119202	-107.323828
-44.145084	-107.374578
-44.170963	-107.425133
-44.196842	-107.475406
-44.222721	-107.525422
-44.248604	-107.575141
-44.274483	-107.624570
-44.300362	-107.673695
-44.326244	-107.722547
-44.352123	-107.771086
-44.378002	-107.819312
-44.403885	-107.867242
-44.429764	-107.914852
-44.455643	-107.962148
-44.481522	-108.009125
-44.507404	-108.055781
-44.533283	-108.102125
-44.559162	-108.148148
-44.585045	-108.193828
-44.610924	-108.239187
-44.636803	-108.284219
-44.662682	-108.328930
-44.688564	-108.373320
-44.714443	-108.417398
-44.740322	-108.461156
-44.766205	-108.504617
-44.792084	-108.547758
-44.817963	-108.590578
-44.843842	-108.633094
-44.869724	-108.675297
-44.895603	-108.717187
-44.921482	-108.758766
-44.947365	-108.800031
-44.973244	-108.840992
-44.999123	-108.881633
-45.025002	-108.921977
-45.050884	-108.962000
-45.076763	-109.001727
-45.102642	-109.041133
-45.128525	-109.080250
-45.154404	-109.119062
-45.180283	-109.157555
-45.206161	-109.195766
-45.232044	-109.233680
-45.257923	-109.271297
-45.283802	-109.308609
-45.309685	-109.345641
-45.335564	-109.382367
-45.361443	-109.418805
-45.387325	-109.454953
-45.413204	-109.490805
-45.439083	-109.526375
-45.464962	-109.561648
-45.490845	-109.596641
-45.516724	-109.631344
-45.542603	-109.665766
-45.568485	-109.699891
-45.594364	-109.733727
-45.620243	-109.767289
-45.646122	-109.800562
-45.672005	-109.833570
-45.697884	-109.866297
-45.723763	-109.898773
-45.749645	-109.930969
-45.775524	-109.962906
-45.801403	-109.994570
-45.827282	-110.025977
-45.853165	-110.057125
-45.879044	-110.088000
-45.904922	-110.118609
-45.930805	-110.148961
-45.956684	-110.179055
-45.982563	-110.208883
-46.008442	-110.238445
-46.034325	-110.267750
-46.060204	-110.296805
-46.086082	-110.325586
-46.111965	-110.354117
-46.137844	-110.382391
-46.163723	-110.410414
-46.189602	-110.438180
-46.215485	-110.465695
-46.241364	-110.492977
-46.267242	-110.520008
-46.293125	-110.546789
-46.319004	-110.573336
-46.344883	-110.599617
-46.370762	-110.625656
-46.396645	-110.651438
-46.422523	-110.676977
-46.448402	-110.702266
-46.474285	-110.727312
-46.500164	-110.752117
-46.526043	-110.776687
-46.551926	-110.801023
-46.577805	-110.825133
-46.603683	-110.849008
-46.629562	-110.872648
-46.655445	-110.896062
-46.681324	-110.919234
-46.707203	-110.942188
-46.733086	-110.964906
-46.758965	-110.987391
-46.784843	-111.009656
-46.810722	-111.031688
-46.836605	-111.053484
-46.862484	-111.075063
-46.888363	-111.096398
-46.914246	-111.117516
-46.940125	-111.138398
-46.966003	-111.159063
-46.991882	-111.179500
-47.017765	-111.199703
-47.043644	-111.219688
-47.069523	-111.239445
-47.095406	-111.258969
-47.121284	-111.278273
-47.147163	-111.297352
-47.173042	-111.316203
-47.198925	-111.334820
-47.224804	-111.353234
-47.250683	-111.371414
-47.276566	-111.389383
-47.302444	-111.407133
-47.328323	-111.424680
-47.354202	-111.442008
-47.380085	-111.459125
-47.405964	-111.476039
-47.431843	-111.492734
-47.457726	-111.509227
-47.483604	-111.525508
-47.509483	-111.541578
-47.535362	-111.557430
-47.561245	-111.573078
-47.587124	-111.588523
-47.613003	-111.603742
-47.638885	-111.618758
-47.664764	-111.633555
-47.690643	-111.648141
-47.716526	-111.662516
-47.742405	-111.676687
-47.768284	-111.690641
-47.794163	-111.704391
-47.820045	-111.717930
-47.845924	-111.731258
-47.871803	-111.744383
-47.897686	-111.757305
-47.923565	-111.770008
-47.949444	-111.782508
-47.975323	-111.794805
-48.001205	-111.806898
-48.027084	-111.818797
-48.052963	-111.830492
-48.078846	-111.841992
-48.104725	-111.853313
-48.130604	-111.864430
-48.156483	-111.875359
-48.182365	-111.886094
-48.208244	-111.896648
-48.234123	-111.907000
-48.260006	-111.917164
-48.285885	-111.927141
-48.311764	-111.936922
-48.337643	-111.946516
-48.363525	-111.955922
-48.389404	-111.965125
-48.415283	-111.974141
-48.441166	-111.982961
-48.467045	-111.991602
-48.492924	-112.000039
-48.518803	-112.008297
-48.544685	-112.016359
-48.570564	-112.024219
-48.596443	-112.031898
-48.622326	-112.039383
-48.648205	-112.046672
-48.674084	-112.053766
-48.699963	-112.060680
-48.725845	-112.067398
-48.751724	-112.073922
-48.777603	-112.080273
-48.803486	-112.086430
-48.829365	-112.092406
-48.855244	-112.098203
-48.881126	-112.103813
-48.907005	-112.109250
-48.932884	-112.114508
-48.958763	-112.119594
-48.984646	-112.124492
-49.010525	-112.129219
-49.036404	-112.133758
-49.062286	-112.138125
-49.088165	-112.142313
-49.114044	-112.146320
-49.139923	-112.150156
-49.165806	-112.153805
-49.191685	-112.157289
-49.217564	-112.160586
-49.243446	-112.163711
-49.269325	-112.166664
-49.308144	-112.170750
-49.346966	-112.174391
-49.385784	-112.177633
-49.424606	-112.180477
-49.463425	-112.182922
-49.502243	-112.184977
-49.541065	-112.186656
-49.579884	-112.187945
-49.618706	-112.188859
-49.657524	-112.189406
-49.696346	-112.189570
-49.735165	-112.189359
-49.773983	-112.188781
-49.812805	-112.187828
-49.851624	-112.186500
-49.890446	-112.184797
-49.929264	-112.182719
-49.968086	-112.180266
-50.006905	-112.177437
-50.045727	-112.174234
-50.084545	-112.170656
-50.123363	-112.166703
-50.162186	-112.162391
-50.201004	-112.157703
-50.239826	-112.152648
-50.278645	-112.147242
-50.317467	-112.141477
-50.356285	-112.135367
-50.395103	-112.128906
-50.433926	-112.122102
-50.472744	-112.114945
-50.511566	-112.107445
-50.550385	-112.099594
-50.589207	-112.091398
-50.628025	-112.082867
-50.666843	-112.073984
-50.705666	-112.064758
-50.744484	-112.055188
-50.783306	-112.045273
-50.822124	-112.035016
-50.860947	-112.024406
-50.899765	-112.013461
-50.938583	-112.002180
-50.977406	-111.990555
-51.016224	-111.978602
-51.055046	-111.966313
-51.093864	-111.953703
-51.132687	-111.940773
-51.171505	-111.927531
-51.210327	-111.913977
-51.249146	-111.900102
-51.287964	-111.885922
-51.326786	-111.871430
-51.365604	-111.856633
-51.404427	-111.841516
-51.443245	-111.826102
-51.482067	-111.810383
-51.520885	-111.794352
-51.559704	-111.778016
-51.598526	-111.761359
-51.637344	-111.744391
-51.676167	-111.727125
-51.714985	-111.709547
-51.753807	-111.691664
-51.792625	-111.673484
-51.831444	-111.655008
-51.870266	-111.636227
-51.909084	-111.617172
-51.947906	-111.597828
-51.986725	-111.578195
-52.025547	-111.558289
-52.064365	-111.538094
-52.103188	-111.517625
-52.142006	-111.496883
-52.180824	-111.475859
-52.219646	-111.454562
-52.258465	-111.432977
-52.297287	-111.411117
-52.336105	-111.388984
-52.374928	-111.366563
-52.413746	-111.343859
-52.452564	-111.320875
-52.491386	-111.297609
-52.530205	-111.274055
-52.569027	-111.250227
-52.607845	-111.226117
-52.646667	-111.201734
-52.685486	-111.177078
-52.724304	-111.152164
-52.734013	-111.145711
-52.743717	-111.139469
-52.753422	-111.133219
-52.767979	-111.123828
-52.789814	-111.109633
-52.822571	-111.088109
-52.871700	-111.055297
-52.920834	-111.021930
-52.969963	-110.988148
-53.019096	-110.953953
-53.068226	-110.919344
-53.117359	-110.884328
-53.166489	-110.848906
-53.215622	-110.813078
-53.264751	-110.776859
-53.313885	-110.740242
-53.363018	-110.703211
-53.412148	-110.665789
-53.461281	-110.627984
-53.510410	-110.589781
-53.559544	-110.551187
-53.608673	-110.512227
-53.657806	-110.472875
-53.706936	-110.433148
-53.756069	-110.393055
-53.805202	-110.352586
-53.854332	-110.311781
-53.903465	-110.270609
-53.952595	-110.229070
-53.998272	-110.187180
-53.995201	-110.184203
-53.992130	-110.181602
-53.989059	-110.178992
-53.984455	-110.175086
-53.977547	-110.169219
-53.967182	-110.160398
-53.951637	-110.147133
-53.936092	-110.133805
-53.920544	-110.120430
-53.897228	-110.100328
-53.862251	-110.069922
-53.809784	-110.023813
-53.731083	-109.953484
-53.613033	-109.845469
-53.435963	-109.677727
-53.170353	-109.410328
-52.771938	-108.951688
-52.174313	-108.041375
-51.576691	-106.820320
-50.979069	-105.211953
-50.381447	-103.157836
-49.783821	-100.584023
-49.186199	-97.508680
-48.588577	-93.862773
-48.364468	-92.353523
-48.028305	-90.020055
-47.902245	-89.098203
-47.713154	-87.681641
-47.429516	-85.427781
-47.004059	-81.765094
-46.365875	-75.694250
-46.126556	-73.280828
-45.767578	-69.569492
-45.229111	-63.687953
-44.421410	-54.384758
-43.209858	-39.988898
-41.998302	-25.497582
-40.786751	-11.155203
-38.969421	9.374285
-37.152096	28.889570
-35.334766	47.477727
-33.517437	65.115422
-31.700108	81.995695
-29.882778	98.240680
-28.065451	113.958078
-26.248121	129.153359
-24.430792	143.934687
-22.613464	158.184656
-20.796135	171.975922
-20.341803	175.360328
-19.887470	179.007937
-19.433138	182.617172
-18.978806	186.098422
-18.297308	191.038844
-17.275061	197.912797
-15.741690	207.052703
-15.166676	210.493375
-14.304154	215.329719
-13.010372	221.949719
-12.525204	224.679109
-12.040035	227.312266
-11.554868	229.874703
-10.827115	233.569281
-9.735487	238.959531
-8.098043	246.749500
-7.484003	249.747813
-6.562942	254.132234
-5.641880	258.614344
-4.720818	263.259750
-3.799757	268.262375
-2.418164	274.551469
-1.036572	281.008688
0.370577	286.314625
1.854510	292.951250
3.338442	298.993469
4.822375	306.097125
6.306307	311.814375
6.677290	313.577125
7.048274	316.696719
7.141020	317.408875
7.233766	314.711031
7.326511	315.003188
7.419257	315.619344
7.558376	316.566188
7.767054	318.105250
8.080070	320.830469
8.549596	325.533750
8.725668	327.083406
8.901740	327.654375
8.945759	327.982875
8.945759	327.989875
